Name,Symbol
20 Microns Limited,20MICRONS
21st Century Management Services Limited,21STCENMGM
3i Infotech Limited,3IINFOTECH
3M India Limited,#REF!
3P Land Holdings Limited,3PLAND
3rd Rock Multimedia Limited,3RDROCK
5Paisa Capital Limited,5PAISA
63 Moons Technologies Limited,63MOONS
A and M Jumbo Bags Limited,AMJUMBO
A B Infrabuild Limited,ABINFRA
A B N Intercorp Limited,ABNINT
A2Z Infra Engineering Limited,A2ZINFRA
Aakash Exploration Services Limited,AAKASH
Aaron Industries Limited,AARON
Aarti Drugs Limited,AARTIDRUGS
Aarti Industries Limited,AARTIIND
Aarvee Denims & Exports Limited,AARVEEDEN
Aarvi Encon Limited,AARVI
Aavas Financiers Limited,AAVAS
Aban Offshore Limited,ABAN
ABB India Limited,ABB
ABB Power Products and Systems India Limited,POWERINDIA
ABM International Limited,ABMINTLTD
ACC Limited,ACC
Accelya Solutions India Limited,ACCELYA
Accord Synergy Limited,ACCORD
Accuracy Shipping Limited,ACCURACY
Ace Integrated Solutions Limited,ACEINTEG
Action Construction Equipment Limited,ACE
Adani Enterprises Limited,ADANIENT
Adani Gas Limited,ADANIGAS
Adani Green Energy Limited,ADANIGREEN
Adani Ports and Special Economic Zone Limited,ADANIPORTS
Adani Power Limited,ADANIPOWER
Adani Transmission Limited,ADANITRANS
ADF Foods Limited,ADFFOODS
Adhunik Industries Limited,ADHUNIKIND
Aditya Birla Capital Limited,ABCAPITAL
Aditya Birla Fashion and Retail Limited,ABFRL
Aditya Birla Money Limited,BIRLAMONEY
Adlabs Entertainment Limited,ADLABS
Ador Welding Limited,ADORWELD
Adroit Infotech Limited,ADROITINFO
Advanced Enzyme Technologies Limited,ADVENZYMES
Advani Hotels & Resorts (India) Limited,ADVANIHOTR
Aegis Logistics Limited,AEGISCHEM
Affle (India) Limited,AFFLE
Agarwal Industrial Corporation Limited,AGARIND
AGC Networks Limited,AGCNET
Agri-Tech (India) Limited,AGRITECH
Agro Phos India Limited,AGROPHOS
Agro Tech Foods Limited,ATFL
Ahimsa Industries Limited,AHIMSA
Ahlada Engineers Limited,AHLADA
Ahluwalia Contracts (India) Limited,AHLUCONT
AIA Engineering Limited,AIAENG
Airan Limited,AIRAN
Airo Lam limited,AIROLAM
Ajanta Pharma Limited,AJANTPHARM
Ajmera Realty & Infra India Limited,AJMERA
Ajooni Biotech Limited,AJOONI
Akash Infra-Projects Limited,AKASH
Akg Exim Limited,AKG
Aksh Optifibre Limited,AKSHOPTFBR
AksharChem India Limited,AKSHARCHEM
Akzo Nobel India Limited,AKZOINDIA
Alankit Limited,ALANKIT
Albert David Limited,ALBERTDAVD
Alchemist Limited,ALCHEM
Alembic Limited,ALEMBICLTD
Alembic Pharmaceuticals Limited,APLLTD
Alicon Castalloy Limited,ALICON
Alkali Metals Limited,ALKALI
Alkem Laboratories Limited,ALKEM
Alkyl Amines Chemicals Limited,ALKYLAMINE
Allcargo Logistics Limited,ALLCARGO
Allied Digital Services Limited,ADSL
Allsec Technologies Limited,ALLSEC
Almondz Global Securities Limited,ALMONDZ
Alok Industries Limited,ALOKINDS
Alpa Laboratories Limited,ALPA
Alphageo (India) Limited,ALPHAGEO
Alps Industries Limited,ALPSINDUS
Amara Raja Batteries Limited,AMARAJABAT
Ambani Organics Limited,AMBANIORG
Amber Enterprises India Limited,AMBER
Ambika Cotton Mills Limited,AMBIKCO
Ambuja Cements Limited,AMBUJACEM
AMD Industries Limited,AMDIND
Amit Spinning Industries Limited,ASIL
Amj Land Holdings Limited,AMJLAND
Amrutanjan Health Care Limited,AMRUTANJAN
Anant Raj Limited,ANANTRAJ
Andhra Cements Limited,ANDHRACEMT
Andhra Paper Limited,ANDHRAPAP
Angel Broking Limited,ANGELBRKG
ANI Integrated Services Limited,AISL
Anik Industries Limited,ANIKINDS
Anjani Portland Cement Limited,APCL
Ankit Metal & Power Limited,ANKITMETAL
Ansal Housing Limited,ANSALHSG
Ansal Properties & Infrastructure Limited,ANSALAPI
Apar Industries Limited,APARINDS
Apcotex Industries Limited,APCOTEXIND
Apex Frozen Foods Limited,APEX
APL Apollo Tubes Limited,APLAPOLLO
Apollo Hospitals Enterprise Limited,APOLLOHOSP
Apollo Micro Systems Limited,APOLLO
Apollo Pipes Limited,APOLLOPIPE
Apollo Sindoori Hotels Limited,APOLSINHOT
Apollo Tyres Limited,APOLLOTYRE
Aptech Limited,APTECHT
Archidply Industries Limited,ARCHIDPLY
Archies Limited,ARCHIES
Arcotech Limited,ARCOTECH
Aries Agro Limited,ARIES
Arihant Foundations & Housing Limited,ARIHANT
Arihant Superstructures Limited,ARIHANTSUP
Arman Financial Services Limited,ARMANFIN
Aro Granite Industries Limited,AROGRANITE
Arrow Greentech Limited,ARROWGREEN
Arshiya Limited,ARSHIYA
ARSS Infrastructure Projects Limited,ARSSINFRA
Art Nirman Limited,ARTNIRMAN
Artedz Fabs Limited,ARTEDZ
Artemis Medicare Services Limited,ARTEMISMED
Arvee Laboratories (India) Limited,ARVEE
Arvind Fashions Limited,ARVINDFASN
Arvind Limited,ARVIND
Arvind SmartSpaces Limited,ARVSMART
Asahi India Glass Limited,ASAHIINDIA
Asahi Songwon Colors Limited,ASAHISONG
Ascom Leasing & Investments Limited,ASCOM
Ashapura Minechem Limited,ASHAPURMIN
Ashiana Housing Limited,ASHIANA
Ashima Limited,ASHIMASYN
Ashok Leyland Limited,ASHOKLEY
Ashoka Buildcon Limited,ASHOKA
Asian Granito India Limited,ASIANTILES
Asian Hotels (East) Limited,AHLEAST
Asian Hotels (North) Limited,ASIANHOTNR
Asian Hotels (West) Limited,AHLWEST
Asian Paints Limited,ASIANPAINT
ASL Industries Limited,ASLIND
Aspinwall and Company Limited,ASPINWALL
Associated Alcohols & Breweries Ltd.,ASALCBR
Astec LifeSciences Limited,ASTEC
Aster DM Healthcare Limited,ASTERDM
Astra Microwave Products Limited,ASTRAMICRO
Astral Limited,ASTRAL
AstraZeneca Pharma India Limited,ASTRAZEN
Astron Paper & Board Mill Limited,ASTRON
Atlanta Limited,ATLANTA
Atlas Cycles (Haryana) Limited,ATLASCYCLE
ATN International Limited,ATNINTER
Atul Auto Limited,ATULAUTO
Atul Limited,ATUL
AU Small Finance Bank Limited,AUBANK
Aurangabad Distillery Limited,AURDIS
Aurionpro Solutions Limited,Aurionpro
Aurobindo Pharma Limited,AUROPHARMA
Ausom Enterprise Limited,AUSOMENT
Autoline Industries Limited,AUTOIND
Autolite (India) Limited,AUTOLITIND
Automotive Axles Limited,AUTOAXLES
Automotive Stampings and Assemblies Limited,ASAL
Avadh Sugar & Energy Limited,AVADHSUGAR
Avanti Feeds Limited,AVANTIFEED
Aventus Buildcon Limited,AVENTUS
Avenue Supermarts Limited,DMART
AVG Logistics Limited,AVG
Avro India Limited,AVROIND
AVSL Industries Limited,AVSL
AVT Natural Products Limited,AVTNPL
Axis Bank Limited,AXISBANK
AXISCADES Engineering Technologies Limited,AXISCADES
AYM Syntex Limited,AYMSYNTEX
B&B Triplewall Containers Limited,BBTCL
B. L. Kashyap and Sons Limited,BLKASHYAP
B.A.G Films and Media Limited,BAGFILMS
Baba Agro Food Limited,BABAFOOD
Bafna Pharmaceuticals Limited,BAFNAPH
Bajaj Auto Limited,BAJAJ-AUTO
Bajaj Consumer Care Limited,BAJAJCON
Bajaj Electricals Limited,BAJAJELEC
Bajaj Finance Limited,BAJFINANCE
Bajaj Finserv Limited,BAJAJFINSV
Bajaj Hindusthan Sugar Limited,BAJAJHIND
Bajaj Holdings & Investment Limited,BAJAJHLDNG
Bal Pharma Limited,BALPHARMA
Balaji Amines Limited,BALAMINES
Balaji Telefilms Limited,BALAJITELE
Balaxi Ventures Limited,BALAXI
Balkrishna Industries Limited,BALKRISIND
Balkrishna Paper Mills Limited,BALKRISHNA
Ballarpur Industries Limited,BALLARPUR
Balmer Lawrie & Company Limited,BALMLAWRIE
Balrampur Chini Mills Limited,BALRAMCHIN
Banaras Beads Limited,BANARBEADS
Banco Products (I) Limited,BANCOINDIA
Bandhan Bank Limited,BANDHANBNK
Bang Overseas Limited,BANG
Bank of Baroda,BANKBARODA
Bank of India,BANKINDIA
Bank of Maharashtra,MAHABANK
Banka BioLoo Limited,BANKA
Bannari Amman Spinning Mills Limited,BASML
Bannari Amman Sugars Limited,BANARISUG
Banswara Syntex Limited,BANSWRAS
Barak Valley Cements Limited,BVCL
Bartronics India Limited,BARTRONICS
BASF India Limited,BASF
Bata India Limited,BATAINDIA
BDR Buildcon Limited,BDR
Beardsell Limited,BEARDSELL
Bedmutha Industries Limited,BEDMUTHA
BEML Limited,BEML
Berger Paints (I) Limited,BERGEPAINT
Beta Drugs Limited,BETA
BF Investment Limited,BFINVEST
BF Utilities Limited,BFUTILITIE
BGR Energy Systems Limited,BGRENERGY
Bhageria Industries Limited,BHAGERIA
Bhagyanagar India Limited,BHAGYANGR
Bhagyanagar Properties Limited,BHAGYAPROP
Bhalchandram Clothing Limited,BHALCHANDR
Bhandari Hosiery Exports Limited,BHANDARI
Bhansali Engineering Polymers Limited,BEPL
Bharat Bijlee Limited,BBL
Bharat Dynamics Limited,BDL
Bharat Electronics Limited,BEL
Bharat Forge Limited,BHARATFORG
Bharat Gears Limited,BHARATGEAR
Bharat Heavy Electricals Limited,BHEL
Bharat Petroleum Corporation Limited,BPCL
Bharat Rasayan Limited,BHARATRAS
Bharat Road Network Limited,BRNL
Bharat Wire Ropes Limited,BHARATWIRE
Bharti Airtel Limited,BHARTIARTL
Bharti Infratel Limited,INFRATEL
Bhartiya International Limited,BIL
Bigbloc Construction Limited,BIGBLOC
Bil Energy Systems Limited,BILENERGY
Biocon Limited,BIOCON
Biofil Chemicals & Pharmaceuticals Limited,BIOFILCHEM
Birla Cable Limited,BIRLACABLE
Birla Corporation Limited,BIRLACORPN
Birla Tyres Limited,BIRLATYRE
Birlasoft Limited,BSOFT
Bkm Industries Limited,BKMINDST
BLB Limited,BLBLIMITED
Bliss GVS Pharma Limited,BLISSGVS
BLS International Services Limited,BLS
Blue Chip India Limited,BLUECHIP
Blue Coast Hotels Limited,BLUECOAST
Blue Dart Express Limited,BLUEDART
Blue Star Limited,BLUESTARCO
Bodal Chemicals Limited,BODALCHEM
Bohra Industries Limited,BOHRA
Bombay Burmah Trading Corporation Limited,BBTC
Bombay Dyeing & Mfg Company Limited,BOMDYEING
Bombay Rayon Fashions Limited,BRFL
Bombay Super Hybrid Seeds Limited,BSHSL
Borosil Renewables Limited,BORORENEW
Bosch Limited,BOSCHLTD
BPL Limited,BPL
Brand Concepts Limited,BCONCEPTS
Brigade Enterprises Limited,BRIGADE
Bright Solar Limited,BRIGHT
Brightcom Group Limited,BCG
Britannia Industries Limited,BRITANNIA
Brooks Laboratories Limited,BROOKS
BSE Limited,BSE
BSEL Infrastructure Realty Limited,BSELINFRA
BSL Limited,BSL
Burnpur Cement Limited,BURNPUR
Butterfly Gandhimathi Appliances Limited,BUTTERFLY
Best Stock Advisory,BSD
C & C Constructions Limited,CANDC
Cadila Healthcare Limited,CADILAHC
Cadsys (India) Limited,CADSYS
California Software Company Limited,CALSOFT
Cambridge Technology Enterprises Limited,CTE
Camlin Fine Sciences Limited,CAMLINFINE
Can Fin Homes Limited,CANFINHOME
Canara Bank,CANBK
Cantabil Retail India Limited,CANTABIL
Capacit'e Infraprojects Limited,CAPACITE
Capital Trust Limited,CAPTRUST
Caplin Point Laboratories Limited,CAPLIPOINT
Capri Global Capital Limited,CGCL
Carborundum Universal Limited,CARBORUNIV
CARE Ratings Limited,CARERATING
Career Point Limited,CAREERP
Castex Technologies Limited,CASTEXTECH
Castrol India Limited,CASTROLIND
CCL Products (India) Limited,CCL
CEAT Limited,CEATLTD
Celebrity Fashions Limited,CELEBRITY
Central Bank of India,CENTRALBK
Central Depository Services (India) Limited,CDSL
Centrum Capital Limited,CENTRUM
Centum Electronics Limited,CENTUM
Century Enka Limited,CENTENKA
Century Extrusions Limited,CENTEXT
Century Plyboards (India) Limited,CENTURYPLY
Century Textiles & Industries Limited,CENTURYTEX
Cera Sanitaryware Limited,CERA
Cerebra Integrated Technologies Limited,CEREBRAINT
CESC Limited,CESC
CESC Ventures Limited,CESCVENT
CG Power and Industrial Solutions Limited,CGPOWER
Chalet Hotels Limited,CHALET
Chambal Fertilizers & Chemicals Limited,CHAMBLFERT
Chembond Chemicals Ltd,CHEMBOND
Chemcon Speciality Chemicals Limited,CHEMCON
Chemfab Alkalis Limited,CHEMFAB
Chennai Petroleum Corporation Limited,CHENNPETRO
Cholamandalam Financial Holdings Limited,CHOLAHLDNG
Cholamandalam Investment and Finance Company Limited,CHOLAFIN
Chromatic India Limited,CHROMATIC
Cigniti Technologies Limited,CIGNITITEC
CIL Nova Petrochemicals Limited,CNOVAPETRO
Cimmco Limited,CIMMCO
Cineline India Limited,CINELINE
Cinevista Limited,CINEVISTA
Cipla Limited,CIPLA
City Union Bank Limited,CUB
CKP Leisure Limited,CKPLEISURE
CKP Products Limited,CKPPRODUCT
CL Educate Limited,CLEDUCATE
Clariant Chemicals (India) Limited,CLNINDIA
CMI Limited,CMICABLES
CMM Infraprojects Limited,CMMIPL
Coal India Limited,COALINDIA
Cochin Shipyard Limited,COCHINSHIP
Coforge Limited,COFORGE
Colgate Palmolive (India) Limited,COLPAL
Commercial Engineers & Body Builders Co Limited,CEBBCO
Compuage Infocom Limited,COMPINFO
Compucom Software Limited,COMPUSOFT
Computer Age Management Services Limited,CAMS
Confidence Petroleum India Limited,CONFIPET
Consolidated Construction Consortium Limited,CCCL
Consolidated Finvest & Holdings Limited,CONSOFINVT
Container Corporation of India Limited,CONCOR
Continental Seeds and Chemicals Limited,CONTI
Control Print Limited,CONTROLPR
Coral India Finance & Housing Limited,CORALFINAC
Cords Cable Industries Limited,CORDSCABLE
Coromandel International Limited,COROMANDEL
Cosmo Films Limited,COSMOFILMS
Country Club Hospitality & Holidays Limited,CCHHL
Country Condo's Limited,COUNCODOS
Cox & Kings Financial Service Limited,CKFSL
Cox & Kings Limited,COX&KINGS
Creative Eye Limited,CREATIVEYE
Creative Peripherals and Distribution Limited,CREATIVE
CreditAccess Grameen Limited,CREDITACC
Crest Ventures Limited,CREST
CRISIL Limited,CRISIL
Crompton Greaves Consumer Electricals Limited,CROMPTON
Crown Lifters Limited,CROWN
CSB Bank Limited,CSBBANK
Cubex Tubings Limited,CUBEXTUB
Cummins India Limited,CUMMINSIND
Cupid Limited,CUPID
Cybertech Systems And Software Limited,CYBERTECH
Cyient Limited,CYIENT
D B Realty Limited,DBREALTY
D P Wires Limited,DPWIRES
D. P. Abhushan Limited,DPABHUSHAN
D.B.Corp Limited,DBCORP
Dabur India Limited,DABUR
Dalmia Bharat Limited,DALBHARAT
Dalmia Bharat Sugar and Industries Limited,DALMIASUG
Damodar Industries Limited,DAMODARIND
Dangee Dums Limited,DANGEE
Datamatics Global Services Limited,DATAMATICS
DB (International) Stock Brokers Limited,DBSTOCKBRO
DC Infotech and Communication Limited,DCI
DCB Bank Limited,DCBBANK
DCM Limited,DCM
DCM Financial Services Limited,DCMFINSERV
DCM Nouvelle Limited,DCMNVL
DCM Shriram Limited,DCMSHRIRAM
DCW Limited,DCW
De Nora India Limited,DENORA
Debock Sales And Marketing Limited,DSML
Deccan Cements Limited,DECCANCE
Deep Industries Limited,DEEPIND
Deepak Fertilizers and Petrochemicals Corporation Limited,DEEPAKFERT
Deepak Nitrite Limited,DEEPAKNTR
Delta Corp Limited,DELTACORP
Delta Manufacturing Limited,DELTAMAGNT
Den Networks Limited,DEN
Dev Information Technology Limited,DEVIT
Dewan Housing Finance Corporation Limited,DHFL
DFM Foods Limited,DFMFOODS
Dhampur Sugar Mills Limited,DHAMPURSUG
Dhanlaxmi Bank Limited,DHANBANK
Dhanuka Agritech Limited,DHANUKA
Dhanuka Realty Limited,DRL
Dharani Sugars & Chemicals Limited,DHARSUGAR
Dhunseri Investments Limited,DHUNINV
Dhunseri Tea & Industries Limited,DTIL
Dhunseri Ventures Limited,DVL
Diamond Power Infra Ltd,DIAPOWER
DIC India Limited,DICIND
Digicontent Limited,DGCONTENT
DiGiSPICE Technologies Limited,DIGISPICE
Digjam Limited,DIGJAMLTD
Diligent Media Corporation Limited,DNAMEDIA
Dilip Buildcon Limited,DBL
Dish TV India Limited,DISHTV
Dishman Carbogen Amcis Limited,DCAL
Divi's Laboratories Limited,DIVISLAB
Dixon Technologies (India) Limited,DIXON
DLF Limited,DLF
D-Link (India) Limited,DLINKINDIA
Dollar Industries Limited,DOLLAR
Donear Industries Limited,DONEAR
DPSC Limited,DPSCLTD
DQ Entertainment (International) Limited,DQE
Dr. Lal Path Labs Ltd.,LALPATHLAB
Dr. Reddy's Laboratories Limited,DRREDDY
Dredging Corporation of India Limited,DREDGECORP
DRS Dilip Roadlines Limited,DRSDILIP
Ducon Infratechnologies Limited,DUCON
Dwarikesh Sugar Industries Limited,DWARKESH
Dynacons Systems & Solutions Limited,DSSL
Dynamatic Technologies Limited,DYNAMATECH
Dynemic Products Limited,DYNPRO
E2E Networks Limited,E2E
Eastern Silk Industries Limited,EASTSILK
Easun Reyrolle Limited,EASUNREYRL
EbixCash World Money Limited,EBIXFOREX
eClerx Services Limited,ECLERX
Edelweiss Financial Services Limited,EDELWEISS
Educomp Solutions Limited,EDUCOMP
Eicher Motors Limited,EICHERMOT
EID Parry India Limited,EIDPARRY
EIH Associated Hotels Limited,EIHAHOTELS
EIH Limited,EIHOTEL
Eimco Elecon (India) Limited,EIMCOELECO
Elecon Engineering Company Limited,ELECON
Electrosteel Castings Limited,ELECTCAST
Electrotherm (India) Limited,ELECTHERM
Elgi Equipments Limited,ELGIEQUIP
Elgi Rubber Company Limited,ELGIRUBCO
Emami Limited,EMAMILTD
Emami Paper Mills Limited,EMAMIPAP
Emami Realty Limited,EMAMIREAL
Emco Limited,EMCO
Emkay Global Financial Services Limited,EMKAY
Emkay Taps and Cutting Tools Limited,EMKAYTOOLS
Electronics Mart India Limited,EMIL
Emmbi Industries Limited,EMMBI
Empee Distilleries Limited,EDL
Endurance Technologies Limited,ENDURANCE
Energy Development Company Limited,ENERGYDEV
Engineers India Limited,ENGINERSIN
Entertainment Network (India) Limited,ENIL
Eon Electric Limited,EON
Equitas Holdings Limited,EQUITAS
Equitas Small Finance Bank Limited,EQUITASBNK
Eris Lifesciences Limited,ERIS
Eros International Media Limited,EROSMEDIA
Esab India Limited,ESABINDIA
Escorts Limited,ESCORTS
Essar Shipping Limited,ESSARSHPNG
Essel Propack Limited,ESSELPACK
Ester Industries Limited,ESTER
Euro Ceramics Limited,EUROCERA
Euro India Fresh Foods Limited,EIFFL
Euro Multivision Limited,EUROMULTI
Eurotex Industries and Exports Limited,EUROTEXIND
Eveready Industries India Limited,EVEREADY
Everest Industries Limited,EVERESTIND
Everest Kanto Cylinder Limited,EKC
Excel Industries Limited,EXCELINDUS
Excel Realty N Infra Limited,EXCEL
Exide Industries Limited,EXIDEIND
Expleo Solutions Limited,EXPLEOSOL
Fairchem Speciality Limited,FAIRCHEM
FCS Software Solutions Limited,FCSSOFT
FDC Limited,FDC
Federal-Mogul Goetze (India) Limited,FMGOETZE
Felix Industries Limited,FELIX
Fertilizers and Chemicals Travancore Limited,FACT
Fiem Industries Limited,FIEMIND
Filatex India Limited,FILATEX
Fine Organic Industries Limited,FINEORG
Fineotex Chemical Limited,FCL
Finolex Cables Limited,FINCABLES
Finolex Industries Limited,FINPIPE
Firstsource Solutions Limited,FSL
Flexituff Ventures International Limited,FLEXITUFF
Focus Lighting and Fixtures Limited,FOCUS
Fortis Healthcare Limited,FORTIS
Foseco India Limited,FOSECOIND
Fourth Dimension Solutions Limited,FOURTHDIM
Future Consumer Limited,FCONSUMER
Future Enterprises Limited,FEL
Future Lifestyle Fashions Limited,FLFL
Future Market Networks Limited,FMNL
Future Retail Limited,FRETAIL
Future Supply Chain Solutions Limited,FSC
Gabriel India Limited,GABRIEL
GAIL (India) Limited,GAIL
Galaxy Surfactants Limited,GALAXYSURF
Gallantt Ispat Limited,GALLISPAT
Gallantt Metal Limited,GALLANTT
Gammon Infrastructure Projects Limited,GAMMNINFRA
Gandhi Special Tubes Limited,GANDHITUBE
Ganesh Housing Corporation Limited,GANESHHOUC
Ganesha Ecosphere Limited,GANECOS
Ganga Forging Limited,GANGAFORGE
Ganges Securities Limited,GANGESSECU
Garden Reach Shipbuilders & Engineers Limited,GRSE
Garden Silk Mills Limited,GARDENSILK
Garware Technical Fibres Limited,GARFIBRES
Gateway Distriparks Limited,GDL
GATI Limited,GATI
Gayatri Highways Limited,GAYAHWS
Gayatri Projects Limited,GAYAPROJ
GB Global Limited,GBGLOBAL
GE Power India Limited,GEPIL
GE T&D India Limited,GET&D
GeeCee Ventures Limited,GEECEE
Geekay Wires Limited,GEEKAYWIRE
General Insurance Corporation of India,GICRE
Genesys International Corporation Limited,GENESYS
Genus Paper & Boards Limited,GENUSPAPER
Genus Power Infrastructures Limited,GENUSPOWER
Geojit Financial Services Limited,GEOJITFSL
GFL Limited,GFLLIMITED
GHCL Limited,GHCL
GI Engineering Solutions Limited,GISOLUTION
GIC Housing Finance Limited,GICHSGFIN
Gillanders Arbuthnot & Company Limited,GILLANDERS
Gillette India Limited,GILLETTE
Ginni Filaments Limited,GINNIFILA
GIR Natureview Resorts Limited,GIRRESORTS
GKW Limited,GKWLIMITED
Gland Pharma Limited,GLAND
GlaxoSmithKline Consumer Healthcare Limited,GSKCONS
GlaxoSmithKline Pharmaceuticals Limited,GLAXO
Glenmark Pharmaceuticals Limited,GLENMARK
Global Education Limited,GLOBAL
Global Offshore Services Limited,GLOBOFFS
Global Vectra Helicorp Limited,GLOBALVECT
Globe International Carriers Limited,GICL
Globe Textiles (India) Limited,GLOBE
Globus Spirits Limited,GLOBUSSPR
GM Breweries Limited,GMBREW
GMM Pfaudler Limited,GMMPFAUDLR
GMR Infrastructure Limited,GMRINFRA
GNA Axles Limited,GNA
Goa Carbon Limited,GOACARBON
GOCL Corporation Limited,GOCLCORP
Godawari Power And Ispat limited,GPIL
Godfrey Phillips India Limited,GODFRYPHLP
Godha Cabcon & Insulation Limited,GODHA
Godrej Agrovet Limited,GODREJAGRO
Godrej Consumer Products Limited,GODREJCP
Godrej Industries Limited,GODREJIND
Godrej Properties Limited,GODREJPROP
Goenka Diamond and Jewels Limited,GOENKA
Gokaldas Exports Limited,GOKEX
Gokul Agro Resources Limited,GOKULAGRO
Gokul Refoils and Solvent Limited,GOKUL
Golden Tobacco Limited,GOLDENTOBC
Goldiam International Limited,GOLDIAM
Goldstar Power Limited,GOLDSTAR
Goldstone Technologies Limited,GOLDTECH
Goodluck India Limited,GOODLUCK
GP Petroleums Limited,GULFPETRO
GPT Infraprojects Limited,GPTINFRA
Grand Foundry Limited,GFSTEELS
Granules India Limited,GRANULES
Graphite India Limited,GRAPHITE
Grasim Industries Limited,GRASIM
Gravita India Limited,GRAVITA
Greaves Cotton Limited,GREAVESCOT
Greenlam Industries Limited,GREENLAM
Greenpanel Industries Limited,GREENPANEL
Greenply Industries Limited,GREENPLY
Gretex Industries Limited,GRETEX
Grindwell Norton Limited,GRINDWELL
G R Infraprojects Limited,GRINFRA
GRP Limited,GRPLTD
GSS Infotech Limited,GSS
GTL Infrastructure Limited,GTLINFRA
GTL Limited,GTL
GTN Industries Limited,GTNIND
GTN Textiles Limited,GTNTEX
GTPL Hathway Limited,GTPL
Gufic Biosciences Limited,GUFICBIO
Gujarat Alkalies and Chemicals Limited,GUJALKALI
Gujarat Ambuja Exports Limited,GAEL
Gujarat Apollo Industries Limited,GUJAPOLLO
Gujarat Fluorochemicals Limited,FLUOROCHEM
Gujarat Gas Limited,GUJGASLTD
Gujarat Industries Power Company Limited,GIPCL
Gujarat Lease Financing Limited,GLFL
Gujarat Mineral Development Corporation Limited,GMDCLTD
Gujarat Narmada Valley Fertilizers and Chemicals Limited,GNFC
Gujarat Pipavav Port Limited,GPPL
Gujarat Raffia Industries Limited,GUJRAFFIA
Gujarat Sidhee Cement Limited,GSCLCEMENT
Gujarat State Fertilizers & Chemicals Limited,GSFC
Gujarat State Petronet Limited,GSPL
Gulf Oil Lubricants India Limited,GULFOILLUB
Gulshan Polyols Limited,GULPOLY
GVK Power & Infrastructure Limited,GVKPIL
Gyscoal Alloys Limited,GAL
H.G. Infra Engineering Limited,HGINFRA
Happiest Minds Technologies Limited,HAPPSTMNDS
Harita Seating Systems Limited,HARITASEAT
Harrisons Malayalam Limited,HARRMALAYA
Hathway Cable & Datacom Limited,HATHWAY
Hatsun Agro Product Limited,HATSUN
Havells India Limited,HAVELLS
HB Stockholdings Limited,HBSL
HBL Power Systems Limited,HBLPOWER
HCL Infosystems Limited,HCL-INSYS
HCL Technologies Limited,HCLTECH
HDFC Asset Management Company Limited,HDFCAMC
HDFC Bank Limited,HDFCBANK
HDFC Life Insurance Company Limited,HDFCLIFE
Healthcare Global Enterprises Limited,HCG
HEC Infra Projects Limited,HECPROJECT
HEG Limited,HEG
HeidelbergCement India Limited,HEIDELBERG
Heranba Industries Limited,HERANBA
Hercules Hoists Limited,HERCULES
Heritage Foods Limited,HERITGFOOD
Hero MotoCorp Limited,HEROMOTOCO
Hester Biosciences Limited,HESTERBIO
Hexa Tradex Limited,HEXATRADEX
Hexaware Technologies Limited,HEXAWARE
HFCL Limited,HFCL
Hikal Limited,HIKAL
HIL Limited,HIL
Hilton Metal Forging Limited,HILTON
Himadri Speciality Chemical Limited,HSCL
Himatsingka Seide Limited,HIMATSEIDE
Hind Rectifiers Limited,HIRECT
Hindalco Industries Limited,HINDALCO
Hindcon Chemicals Limited,HINDCON
Hindprakash Industries Limited,HPIL
Hinduja Global Solutions Limited,HGS
Hindustan Aeronautics Limited,HAL
Hindustan Composites Limited,HINDCOMPOS
Hindustan Construction Company Limited,HCC
Hindustan Copper Limited,HINDCOPPER
Hindustan Media Ventures Limited,HMVL
Hindustan Motors Limited,HINDMOTORS
Hindustan Oil Exploration Company Limited,HINDOILEXP
Hindustan Petroleum Corporation Limited,HINDPETRO
Hindustan Unilever Limited,HINDUNILVR
Hindustan Zinc Limited,HINDZINC
Hindustan National Glass & Industries Limited,HINDNATGLS
Hisar Metal Industries Limited,HISARMETAL
Hitech Corporation Limited,HITECHCORP
Hi-Tech Pipes Limited,HITECH
HLV Limited,HLVLTD
HMT Limited,HMT
Honda Siel Power Products Limited,HONDAPOWER
Honeywell Automation India Limited,HONAUT
Hotel Rugby Limited,HOTELRUGBY
Housing & Urban Development Corporation Limited,HUDCO
Housing Development and Infrastructure Limited,HDIL
Housing Development Finance Corporation Limited,HDFC
HOV Services Limited,HOVS
HPL Electric & Power Limited,HPL
HSIL Limited,HSIL
HT Media Limited,HTMEDIA
Hubtown Limited,HUBTOWN
Huhtamaki PPL Limited,PAPERPROD
Husys Consulting Limited,HUSYSLTD
Ice Make Refrigeration Limited,ICEMAKE
ICICI Bank Limited,ICICIBANK
ICICI Lombard General Insurance Company Limited,ICICIGI
ICICI Prudential Life Insurance Company Limited,ICICIPRULI
ICICI Securities Limited,ISEC
ICRA Limited,ICRA
IDBI Bank Limited,IDBI
IDFC First Bank Limited,IDFCFIRSTB
IDFC Limited,IDFC
IFB Agro Industries Limited,IFBAGRO
IFB Industries Limited,IFBIND
IFCI Limited,IFCI
IFGL Refractories Limited,IFGLEXPOR
IG Petrochemicals Limited,IGPL
Igarashi Motors India Limited,IGARASHI
IIFL Finance Limited,IIFL
IIFL Securities Limited,IIFLSEC
IIFL Wealth Management Limited,IIFLWAM
IL&FS Engineering and Construction Company Limited,IL&FSENGG
IL&FS Investment Managers Limited,IVC
IL&FS Transportation Networks Limited,IL&FSTRANS
IMP Powers Limited,INDLMETER
Impex Ferro Tech Limited,IMPEXFERRO
Indbank Merchant Banking Services Limited,INDBANK
India Glycols Limited,INDIAGLYCO
India Motor Parts and Accessories Limited,IMPAL
India Nippon Electricals Limited,INDNIPPON
India Tourism Development Corporation Limited,ITDC
Indiabulls Housing Finance Limited,IBULHSGFIN
Indiabulls Integrated Services Limited,IBULISL
Indiabulls Real Estate Limited,IBREALEST
Indiabulls Ventures Limited,IBVENTURES
Indiamart Intermesh Limited,INDIAMART
Indian Bank,INDIANB
Indian Card Clothing Company Limited,INDIANCARD
Indian Energy Exchange Limited,IEX
Indian Hume Pipe Company Limited,INDIANHUME
Indian Metals & Ferro Alloys Limited,IMFA
Indian Oil Corporation Limited,IOC
Indian Overseas Bank,IOB
Indian Railway Catering and Tourism Corporation Limited,IRCTC
Indian Terrain Fashions Limited,INDTERRAIN
Indo Count Industries Limited,ICIL
Indo Rama Synthetics (India) Limited,INDORAMA
Indo Tech Transformers Limited,INDOTECH
Indo Thai Securities Limited,INDOTHAI
Indoco Remedies Limited,INDOCO
Indo-National Limited,NIPPOBATRY
Indosolar Limited,INDOSOLAR
IndoStar Capital Finance Limited,INDOSTAR
Indowind Energy Limited,INDOWIND
Indraprastha Gas Limited,IGL
Indraprastha Medical Corporation Limited,INDRAMEDCO
Ind-Swift Laboratories Limited,INDSWFTLAB
Ind-Swift Limited,INDSWFTLTD
IndusInd Bank Limited,INDUSINDBK
Industrial Investment Trust Limited,IITL
INEOS Styrolution India Limited,INEOSSTYRO
Infibeam Avenues Limited,INFIBEAM
Info Edge (India) Limited,NAUKRI
InfoBeans Technologies Limited,INFOBEAN
Infomedia Press Limited,INFOMEDIA
Infosys Limited,INFY
Ingersoll Rand (India) Limited,INGERRAND
Innovana Thinklabs Limited,INNOVANA
Innovative Tyres and Tubes Limited,INNOVATIVE
INOX Leisure Limited,INOXLEISUR
Inox Wind Limited,INOXWIND
Insecticides (India) Limited,INSECTICID
Inspirisys Solutions Limited,INSPIRISYS
Integra Garments and Textiles Limited,INTEGRA
Intellect Design Arena Limited,INTELLECT
Intense Technologies Limited,INTENTECH
InterGlobe Aviation Limited,INDIGO
International Constructions Limited,SUBCAPCITY
Intrasoft Technologies Limited,ISFT
Inventure Growth & Securities Limited,INVENTURE
IOL Chemicals and Pharmaceuticals Limited,IOLCP
IPCA Laboratories Limited,IPCALAB
IRB Infrastructure Developers Limited,IRB
Ircon International Limited,IRCON
Iris Clothings Limited,IRISDOREME
ISMT Limited,ISMTLTD
ITC Limited,ITC
ITD Cementation India Limited,ITDCEM
ITI Limited,ITI
IVP Limited,IVP
IZMO Limited,IZMO
J.Kumar Infraprojects Limited,JKIL
Jagran Prakashan Limited,JAGRAN
Jagsonpal Pharmaceuticals Limited,JAGSNPHARM
Jai Balaji Industries Limited,JAIBALAJI
Jai Corp Limited,JAICORPLTD
Jaihind Projects Limited,JAIHINDPRO
Jain Irrigation Systems Limited,JISLJALEQS
Jain Studios Limited,JAINSTUDIO
Jaiprakash Associates Limited,JPASSOCIAT
Jaiprakash Power Ventures Limited,JPPOWER
Jakharia Fabric Limited,JAKHARIA
Jalan Transolutions (India) Limited,JALAN
Jamna Auto Industries Limited,JAMNAAUTO
Jash Engineering Limited,JASH
Jay Bharat Maruti Limited,JAYBARMARU
Jayant Agro Organics Limited,JAYAGROGN
Jayaswal Neco Industries Limited,JAYNECOIND
Jaypee Infratech Limited,JPINFRATEC
Jayshree Tea & Industries Limited,JAYSREETEA
JB Chemicals & Pharmaceuticals Limited,JBCHEPHARM
JBF Industries Limited,JBFIND
JBM Auto Limited,JBMA
Jet Airways (India) Limited,JETAIRWAYS
Jet Freight Logistics Limited,JETFREIGHT
Jet Knitwears Limited,JETKNIT
JHS Svendgaard Laboratories Limited,JHS
JIK Industries Limited,JIKIND
Jindal Drilling And Industries Limited,JINDRILL
Jindal Photo Limited,JINDALPHOT
Jindal Poly Films Limited,JINDALPOLY
Jindal Poly Investment and Finance Company Limited,JPOLYINVST
Jindal Saw Limited,JINDALSAW
Jindal Stainless (Hisar) Limited,JSLHISAR
Jindal Stainless Limited,JSL
Jindal Steel & Power Limited,JINDALSTEL
Jindal Worldwide Limited,JINDWORLD
JITF Infralogistics Limited,JITFINFRA
JK Cement Limited,JKCEMENT
JK Lakshmi Cement Limited,JKLAKSHMI
JK Paper Limited,JKPAPER
JK Tyre & Industries Limited,JKTYRE
JM Financial Limited,JMFINANCIL
JMC Projects (India) Limited,JMCPROJECT
JMT Auto Limited,JMTAUTOLTD
Jocil Limited,JOCIL
Johnson Controls – Hitachi Air Conditioning India Limited,JCHAC
JSW Energy Limited,JSWENERGY
JSW Holdings Limited,JSWHL
JSW Steel Limited,JSWSTEEL
Jtekt India Limited,JTEKTINDIA
Jubilant Foodworks Limited,JUBLFOOD
Jubilant Industries Limited,JUBLINDS
Jubilant Life Sciences Limited,JUBILANT
Jullundur Motor Agency (Delhi) Limited,JMA
Just Dial Limited,JUSTDIAL
JVL Agro Industries Limited,JVLAGRO
Jyothy Labs Limited,JYOTHYLAB
Jyoti Structures Limited,JYOTISTRUC
K.M.Sugar Mills Limited,KMSUGAR
K.P.R. Mill Limited,KPRMILL
Kabra Extrusion Technik Limited,KABRAEXTRU
Kajaria Ceramics Limited,KAJARIACER
Kakatiya Cement Sugar & Industries Limited,KAKATCEM
Kalpataru Power Transmission Limited,KALPATPOWR
Kalyani Commercials Limited,KALYANI
Kalyani Forge Limited,KALYANIFRG
Kalyani Investment Company Limited,KICL
Kalyani Steels Limited,KSL
Kamat Hotels (I) Limited,KAMATHOTEL
Kamdhenu Limited,KAMDHENU
Kanani Industries Limited,KANANIIND
Kanoria Chemicals & Industries Limited,KANORICHEM
Kansai Nerolac Paints Limited,KANSAINER
Kapston Facilities Management Limited,KAPSTON
Karda Constructions Limited,KARDA
Karma Energy Limited,KARMAENG
Karur Vysya Bank Limited,KARURVYSYA
Karuturi Global Limited,KGL
Kaushalya Infrastructure Development Corporation Limited,KAUSHALYA
Kaveri Seed Company Limited,KSCL
Kaya Limited,KAYA
KCP Limited,KCP
KCP Sugar and Industries Corporation Limited,KCPSUGIND
KDDL Limited,KDDL
KEC International Limited,KEC
Keerti Knowledge and Skills Limited,KEERTI
KEI Industries Limited,KEI
Kellton Tech Solutions Limited,KELLTONTEC
Kernex Microsystems (India) Limited,KERNEX
Kesoram Industries Limited,KESORAMIND
Kewal Kiran Clothing Limited,KKCL
Keynote Financial Services Limited,KEYFINSERV
Khadim India Limited,KHADIM
Khandwala Securities Limited,KHANDSE
Khfm Hospitality And Facility Management Services Limited,KHFM
Kilitch Drugs (India) Limited,KILITCH
Kingfa Science & Technology (India) Limited,KINGFA
KIOCL Limited,KIOCL
Kiri Industries Limited,KIRIINDUS
Kirloskar Brothers Limited,KIRLOSBROS
Kirloskar Electric Company Limited,KECL
Kirloskar Industries Limited,KIRLOSIND
Kirloskar Oil Engines Limited,KIRLOSENG
Kitex Garments Limited,KITEX
KKV Agro Powers Limited,KKVAPOW
KNR Constructions Limited,KNRCON
Kohinoor Foods Limited,KOHINOOR
Kokuyo Camlin Limited,KOKUYOCMLN
Kolte – Patil Developers Limited,KOLTEPATIL
Kopran Limited,KOPRAN
Kotak Mahindra Bank Limited,KOTAKBANK
Kothari Petrochemicals Limited,KOTHARIPET
Kothari Products Limited,KOTHARIPRO
Kothari Sugars And Chemicals Limited,KOTARISUG
KPIT Technologies Limited,KPITTECH
KRBL Limited,KRBL
Krebs Biochemicals and Industries Limited,KREBSBIO
Kridhan Infra Limited,KRIDHANINF
Krishana Phoschem Limited,KRISHANA
Kritika Wires Limited,KRITIKA
Ksb Limited,KSB
Kshitij Polyline Limited,KSHITIJPOL
KSK Energy Ventures Limited,KSK
KSS Limited,KSERASERA
Kuantum Papers Limited,KUANTUM
Kwality Limited,KWALITY
L&T Finance Holdings Limited,L&TFH
L&T Technology Services Limited,LTTS
La Opala RG Limited,LAOPALA
Lagnam Spintex Limited,LAGNAM
Lakshmi Finance & Industrial Corporation Limited,LFIC
Lakshmi Machine Works Limited,LAXMIMACH
Lakshmi Precision Screws Limited,LAKPRE
Lakshmi Vilas Bank Limited,LAKSHVILAS
Lambodhara Textiles Limited,LAMBODHARA
Landmark Property Development Company Limited,LPDC
Larsen & Toubro Infotech Limited,LTI
Larsen & Toubro Limited,LT
Lasa Supergenerics Limited,LASA
Latteys Industries Limited,LATTEYS
Laurus Labs Limited,LAURUSLABS
Laxmi Cotspin Limited,LAXMICOT
Lemon Tree Hotels Limited,LEMONTREE
Lexus Granito (India) Limited,LEXUS
LG Balakrishnan & Bros Limited,LGBBROSLTD
LGB Forge Limited,LGBFORGE
Libas Designs Limited,LIBAS
Liberty Shoes Limited,LIBERTSHOE
LIC Housing Finance Limited,LICHSGFIN
Likhitha Infrastructure Limited,LIKHITHA
Linc Pen & Plastics Limited,LINCPEN
Lincoln Pharmaceuticals Limited,LINCOLN
Linde India Limited,LINDEINDIA
Lloyds Steels Industries Limited,LSIL
Lokesh Machines Limited,LOKESHMACH
Lotus Eye Hospital and Institute Limited,LOTUSEYE
Lovable Lingerie Limited,LOVABLE
LT Foods Limited,DAAWAT
Lumax Auto Technologies Limited,LUMAXTECH
Lumax Industries Limited,LUMAXIND
Lupin Limited,LUPIN
Lux Industries Limited,LUXIND
Lyka Labs Limited,LYKALABS
Lypsa Gems & Jewellery Limited,LYPSAGEMS
M K Proteins Limited,MKPL
M.R. Organisation Limited,MRO
Maan Aluminium Limited,MAANALU
Macpower CNC Machines Limited,MACPOWER
Madhav Copper Limited,MCL
Madhav Marbles and Granites Limited,MADHAV
Madhucon Projects Limited,MADHUCON
Madhya Bharat Agro Products Limited,MBAPL
Madhya Pradesh Today Media Limited,MPTODAY
Madras Fertilizers Limited,MADRASFERT
Magadh Sugar & Energy Limited,MAGADSUGAR
Magma Fincorp Limited,MAGMA
Magnum Ventures Limited,MAGNUM
Maha Rashtra Apex Corporation Limited,MAHAPEXLTD
Mahamaya Steel Industries Limited,MAHASTEEL
Mahanagar Gas Limited,MGL
Mahanagar Telephone Nigam Limited,MTNL
Maharashtra Scooters Limited,MAHSCOOTER
Maharashtra Seamless Limited,MAHSEAMLES
Maheshwari Logistics Limited,MAHESHWARI
Mahickra Chemicals Limited,MAHICKRA
Mahindra & Mahindra Financial Services Limited,M&MFIN
Mahindra & Mahindra Limited,M&M
Mahindra CIE Automotive Limited,MAHINDCIE
Mahindra EPC Irrigation Limited,MAHEPC
Mahindra Holidays & Resorts India Limited,MHRIL
Mahindra Lifespace Developers Limited,MAHLIFE
Mahindra Logistics Limited,MAHLOG
Maithan Alloys Limited,MAITHANALL
Majesco Limited,MAJESCO
Malu Paper Mills Limited,MALUPAPER
Man Industries (India) Limited,MANINDS
Man Infraconstruction Limited,MANINFRA
Manaksia Aluminium Company Limited,MANAKALUCO
Manaksia Coated Metals & Industries Limited,MANAKCOAT
Manaksia Limited,MANAKSIA
Manaksia Steels Limited,MANAKSTEEL
Manali Petrochemicals Limited,MANALIPETC
Manappuram Finance Limited,MANAPPURAM
Manav Infra Projects Limited,MANAV
Mangalam Cement Limited,MANGLMCEM
Mangalam Drugs And Organics Limited,MANGALAM
Mangalam Global Enterprise Limited,MGEL
Mangalam Timber Products Limited,MANGTIMBER
Mangalore Chemicals & Fertilizers Limited,MANGCHEFER
Mangalore Refinery and Petrochemicals Limited,MRPL
Manugraph India Limited,MANUGRAPH
Maral Overseas Limited,MARALOVER
Marathon Nextgen Realty Limited,MARATHON
Marico Limited,MARICO
Marine Electricals (India) Limited,MARINE
Marksans Pharma Limited,MARKSANS
Marshall Machines Limited,MARSHALL
Maruti Suzuki India Limited,MARUTI
Marvel Decor Limited,MDL
MAS Financial Services Limited,MASFIN
Mask Investments Limited,MASKINVEST
Mastek Limited,MASTEK
Matrimony.com Limited,MATRIMONY
Mawana Sugars Limited,MAWANASUG
Max Financial Services Limited,MFSL
Max Healthcare Institute Limited,MAXHEALTH
Max India Limited,MAXINDIA
Max Ventures and Industries Limited,MAXVIL
Mayur Uniquoters Ltd,MAYURUNIQ
Mazagon Dock Shipbuilders Limited,MAZDOCK
Mazda Limited,MAZDA
MBL Infrastructures Limited,MBLINFRA
McDowell Holdings Limited,MCDHOLDING
Mcleod Russel India Limited,MCLEODRUSS
Mcnally Bharat Engineering Company Limited,MBECL
Megasoft Limited,MEGASOFT
Meghmani Organics Limited,MEGH
Melstar Information Technologies Limited,MELSTAR
Menon Bearings Limited,MENONBE
MEP Infrastructure Developers Limited,MEP
Mercator Limited,MERCATOR
Metalyst Forgings Limited,METALFORGE
Metkore Alloys & Industries Limited,METKORE
Metropolis Healthcare Limited,METROPOLIS
MIC Electronics Limited,MIC
MIG Media Neurons Limited,MMNL
Milton Industries Limited,MILTON
Minda Corporation Limited,MINDACORP
Minda Industries Limited,MINDAIND
Mindpool Technologies Limited,MINDPOOL
Mindteck (India) Limited,MINDTECK
MindTree Limited,MINDTREE
MIRC Electronics Limited,MIRCELECTR
Mirza International Limited,MIRZAINT
Mishra Dhatu Nigam Limited,MIDHANI
MITCON Consultancy & Engineering Services Limited,MITCON
Mittal Life Style Limited,MITTAL
MM Forgings Limited,MMFL
MMP Industries Limited,MMP
MMTC Limited,MMTC
Modi Rubber Limited,MODIRUBBER
Mohini Health & Hygiene Limited,MHHL
Mohit Industries Limited,MOHITIND
Mohota Industries Limited,MOHOTAIND
MOIL Limited,MOIL
Moksh Ornaments Limited,MOKSH
Mold-Tek Packaging Limited,MOLDTKPAC
Mold-Tek Technologies Limited,MOLDTECH
Monnet Ispat & Energy Limited,AIONJSW
Monte Carlo Fashions Limited,MONTECARLO
Morarjee Textiles Limited,MORARJEE
Morepen Laboratories Limited,MOREPENLAB
Motherson Sumi Systems Limited,MOTHERSUMI
Motilal Oswal Financial Services Limited,MOTILALOFS
MphasiS Limited,MPHASIS
MPS Limited,MPSLTD
MRF Limited,MRF
MRO-TEK Realty Limited,MRO-TEK
MSP Steel & Power Limited,MSPL
MSTC Limited,MSTCLTD
MT Educare Limited,MTEDUCARE
Mukand Engineers Limited,MUKANDENGG
Mukand Limited,MUKANDLTD
Mukta Arts Limited,MUKTAARTS
Munjal Auto Industries Limited,MUNJALAU
Munjal Showa Limited,MUNJALSHOW
Murudeshwar Ceramics Limited,MURUDCERA
Music Broadcast Limited,RADIOCITY
Muthoot Capital Services Limited,MUTHOOTCAP
Muthoot Finance Limited,MUTHOOTFIN
N R Agarwal Industries Limited,NRAIL
N. B. I. Industrial Finance Company Limited,NBIFIN
NACL Industries Limited,NACLIND
Naga Dhunseri Group Limited,NDGL
Nagarjuna Fertilizers and Chemicals Limited,NAGAFERT
Nagreeka Capital & Infrastructure Limited,NAGREEKCAP
Nagreeka Exports Limited,NAGREEKEXP
Nahar Capital and Financial Services Limited,NAHARCAP
Nahar Industrial Enterprises Limited,NAHARINDUS
Nahar Poly Films Limited,NAHARPOLY
Nahar Spinning Mills Limited,NAHARSPING
Nalwa Sons Investments Limited,NSIL
Nandan Denim Limited,NDL
Nandani Creation Limited,NANDANI
Narayana Hrudayalaya Ltd.,NH
Narmada Agrobase Limited,NARMADA
Natco Pharma Limited,NATCOPHARM
Nath Bio-Genes (India) Limited,NATHBIOGEN
National Aluminium Company Limited,NATIONALUM
National Fertilizers Limited,NFL
National Steel And Agro Industries Limited,NATNLSTEEL
Nava Bharat Ventures Limited,NBVENTURES
Navin Fluorine International Limited,NAVINFLUOR
Navkar Corporation Limited,NAVKARCORP
Navneet Education Limited,NAVNETEDUL
NBCC (India) Limited,NBCC
NCC Limited,NCC
NCL Industries Limited,NCLIND
Nectar Lifesciences Limited,NECLIFE
Nelcast Limited,NELCAST
NELCO Limited,NELCO
Neogen Chemicals Limited,NEOGEN
Nesco Limited,NESCO
Network18 Media & Investments Limited,NETWORK18
Neueon Towers Limited,NTL
Neuland Laboratories Limited,NEULANDLAB
New Delhi Television Limited,NDTV
Newgen Software Technologies Limited,NEWGEN
Next Mediaworks Limited,NEXTMEDIA
NHPC Limited,NHPC
NIIT Limited,NIITLTD
Nila Infrastructures Limited,NILAINFRA
Nila Spaces Limited,NILASPACES
Nilkamal Limited,NILKAMAL
Nippon Life India Asset Management Limited,NAM-INDIA
Niraj Ispat Industries Limited,NIRAJISPAT
Nitco Limited,NITCO
Nitin Fire Protection Industries Limited,NITINFIRE
Nitin Spinners Limited,NITINSPIN
Nitiraj Engineers Limited,NITIRAJ
NK Industries Limited,NKIND
NLC India Limited,NLCINDIA
NMDC Limited,NMDC
NOCIL Limited,NOCIL
Noida Toll Bridge Company Limited,NOIDATOLL
Norben Tea & Exports Limited,NORBTEAEXP
North Eastern Carrying Corporation Limited,NECCLTD
NRB Bearing Limited,NRBBEARING
NRB Industrial Bearings Limited,NIBL
NTPC Limited,NTPC
Nucleus Software Exports Limited,NUCLEUS
NXTDigital Limited,NXTDIGITAL
Oberoi Realty Limited,OBEROIRLTY
OCL Iron and Steel Limited,OISL
Oil & Natural Gas Corporation Limited,ONGC
Oil Country Tubular Limited,OILCOUNTUB
Oil India Limited,OIL
Olectra Greentech Limited,OLECTRA
OM Metals Infraprojects Limited,OMMETALS
Omax Autos Limited,OMAXAUTO
Omaxe Limited,OMAXE
Omfurn India Limited,OMFURN
Omkar Speciality Chemicals Limited,OMKARCHEM
One Point One Solutions Limited,ONEPOINT
Onelife Capital Advisors Limited,ONELIFECAP
OnMobile Global Limited,ONMOBILE
Onward Technologies Limited,ONWARDTEC
Opal Luxury Time Products Limited,OPAL
Optiemus Infracom Limited,OPTIEMUS
Opto Circuits (India) Limited,OPTOCIRCUI
Oracle Financial Services Software Limited,OFSS
Orbit Exports Limited,ORBTEXP
Orchid Pharma Limited,ORCHIDPHAR
Oricon Enterprises Limited,ORICONENT
Orient Abrasives Limited,ORIENTABRA
Orient Bell Limited,ORIENTBELL
Orient Cement Limited,ORIENTCEM
Orient Electric Limited,ORIENTELEC
Orient Green Power Company Limited,GREENPOWER
Orient Paper & Industries Limited,ORIENTPPR
Orient Press Limited,ORIENTLTD
Orient Refractories Limited,ORIENTREF
Oriental Aromatics Limited,OAL
Oriental Carbon & Chemicals Limited,OCCL
Oriental Hotels Limited,ORIENTHOT
Oriental Trimex Limited,ORIENTALTL
Ortel Communications Limited,ORTEL
Ortin Laboratories Limited,ORTINLABSS
Osia Hyper Retail Limited,OSIAHYPER
Oswal Agro Mills Limited,OSWALAGRO
Oswal Chemicals & Fertilizers Limited,BINDALAGRO
PAE Limited,PAEL
Page Industries Limited,PAGEIND
Paisalo Digital Limited,PAISALO
Palash Securities Limited,PALASHSECU
Palred Technologies Limited,PALREDTEC
Panacea Biotec Limited,PANACEABIO
Panache Digilife Limited,PANACHE
Panama Petrochem Limited,PANAMAPET
Pansari Developers Limited,PANSARI
Par Drugs and Chemicals Limited,PAR
Parabolic Drugs Limited,PARABDRUGS
Parag Milk Foods Limited,PARAGMILK
Paramount Communications Limited,PARACABLES
Parin Furniture Limited,PARIN
Parsvnath Developers Limited,PARSVNATH
Pashupati Cotspin Limited,PASHUPATI
Patel Engineering Limited,PATELENG
Patel Integrated Logistics Limited,PATINTLOG
Patspin India Limited,PATSPINLTD
PC Jeweller Limited,PCJEWELLER
PDS Multinational Fashions Limited,PDSMFL
Pearl Global Industries Limited,PGIL
Pearl Polymers Limited,PEARLPOLY
Peninsula Land Limited,PENINLAND
Pennar Industries Limited,PENIND
Penta Gold Limited,PENTAGOLD
Perfect Infraengineers Limited,PERFECT
Persistent Systems Limited,PERSISTENT
Petronet LNG Limited,PETRONET
Pfizer Limited,PFIZER
PG Electroplast Limited,PGEL
Phillips Carbon Black Limited,PHILIPCARB
PI Industries Limited,PIIND
Pidilite Industries Limited,PIDILITIND
Pil Italica Lifestyle Limited,PILITA
Pilani Investment and Industries Corporation Limited,PILANIINVS
Pioneer Distilleries Limited,PIONDIST
Pioneer Embroideries Limited,PIONEEREMB
Piramal Enterprises Limited,PEL
Pitti Engineering Limited,PITTIENG
Plastiblends India Limited,PLASTIBLEN
PNB Gilts Limited,PNBGILTS
PNB Housing Finance Limited,PNBHOUSING
PNC Infratech Limited,PNCINFRA
Poddar Housing and Development Limited,PODDARHOUS
Poddar Pigments Limited,PODDARMENT
Pokarna Limited,POKARNA
Poly Medicure Limited,POLYMED
Polycab India Limited,POLYCAB
Polyplex Corporation Limited,POLYPLEX
Ponni Sugars (Erode) Limited,PONNIERODE
Power & Instrumentation (Gujarat) Limited,PIGL
Power Finance Corporation Limited,PFC
Power Grid Corporation of India Limited,POWERGRID
Power Mech Projects Limited,POWERMECH
Powerful Technologies Limited,POWERFUL
PPAP Automotive Limited,PPAP
Prabhat Dairy Limited,PRABHAT
Pradip Overseas Limited,PRADIP
Praj Industries Limited,PRAJIND
Prajay Engineers Syndicate Limited,PRAENG
Prakash Industries Limited,PRAKASH
Prakash Pipes Limited,PPL
Prakash Steelage Limited,PRAKASHSTL
Prataap Snacks Limited,DIAMONDYD
Praxis Home Retail Limited,PRAXIS
Precision Camshafts Limited,PRECAM
Precision Wires India Limited,PRECWIRE
Precot Meridian Limited,PRECOT
Premier Explosives Limited,PREMEXPLN
Premier Limited,PREMIER
Premier Polyfilm Limited,PREMIERPOL
Pressman Advertising Limited,PRESSMN
Prestige Estates Projects Limited,PRESTIGE
Pricol Limited,PRICOLLTD
Prime Focus Limited,PFOCUS
Prime Securities Limited,PRIMESECU
Prince Pipes And Fittings Limited,PRINCEPIPE
Prism Johnson Limited,PRSMJOHNSN
Priti International Limited,PRITI
Pritish Nandy Communications Limited,PNC
Procter & Gamble Health Limited,PGHL
Procter & Gamble Hygiene and Health Care Limited,PGHH
Prolife Industries Limited,PROLIFE
Proseed India Limited,PROSEED
Prozone Intu Properties Limited,PROZONINTU
PSL Limited,PSL
PSP Projects Limited,PSPPROJECT
PTC India Financial Services Limited,PFS
PTC India Limited,PTC
PTL Enterprises Limited,PTL
Pudumjee Paper Products Limited,PDMJEPAPER
Pulz Electronics Limited,PULZ
Punj Lloyd Limited,PUNJLLOYD
Punjab & Sind Bank,PSB
Punjab Chemicals & Crop Protection Limited,PUNJABCHEM
Punjab National Bank,PNB
Puravankara Limited,PURVA
Pushpanjali Realms and Infratech Limited,PUSHPREALM
PVR Limited,PVR
Quess Corp Limited,QUESS
Quick Heal Technologies Limited,QUICKHEAL
R M Drip and Sprinklers Systems Limited,RMDRIP
R Systems International Limited,RSYSTEMS
R. S. Software (India) Limited,RSSOFTWARE
R.P.P. Infra Projects Limited,RPPINFRA
Radaan Mediaworks India Limited,RADAAN
Radha Madhav Corporation Limited,RMCL
Radico Khaitan Limited,RADICO
Rail Vikas Nigam Limited,RVNL
Rain Industries Limited,RAIN
Raj Oil Mills Limited,RAJOIL
Raj Rayon Industries Limited,RAJRAYON
Raj Television Network Limited,RAJTV
Rajdarshan Industries Limited,ARENTERP
Rajesh Exports Limited,RAJESHEXPO
Rajnandini Metal Limited,RAJMET
Rajshree Polypack Limited,RPPL
Rajshree Sugars & Chemicals Limited,RAJSREESUG
Rallis India Limited,RALLIS
Rama Steel Tubes Limited,RAMASTEEL
Ramco Industries Limited,RAMCOIND
Ramco Systems Limited,RAMCOSYS
Ramkrishna Forgings Limited,RKFORGE
Ramky Infrastructure Limited,RAMKY
Ramsarup Industries Limited,RAMSARUP
Rana Sugars Limited,RANASUG
Rane (Madras) Limited,RML
Rane Brake Lining Limited,RBL
Rane Engine Valve Limited,RANEENGINE
Rane Holdings Limited,RANEHOLDIN
Rashtriya Chemicals and Fertilizers Limited,RCF
Ratnamani Metals & Tubes Limited,RATNAMANI
RattanIndia Infrastructure Limited,RTNINFRA
RattanIndia Power Limited,RTNPOWER
Ravi Kumar Distilleries Limited,RKDL
Raymond Limited,RAYMOND
RBL Bank Limited,RBLBANK
REC Limited,RECLTD
Redington (India) Limited,REDINGTON
Refex Industries Limited,REFEX
Relaxo Footwears Limited,RELAXO
Reliable Data Services Limited,RELIABLE
Reliance Capital Limited,RELCAPITAL
Reliance Communications Limited,RCOM
Reliance Home Finance Limited,RHFL
Reliance Industrial Infrastructure Limited,RIIL
Reliance Industries Limited,RELIANCE
Reliance Infrastructure Limited,RELINFRA
Reliance Naval and Engineering Limited,RNAVAL
Reliance Power Limited,RPOWER
Religare Enterprises Limited,RELIGARE
Remsons Industries Limited,REMSONSIND
Renaissance Global Limited,RGL
Repco Home Finance Limited,REPCOHOME
Repro India Limited,REPRO
Responsive Industries Limited,RESPONIND
Revathi Equipment Limited,REVATHI
Rico Auto Industries Limited,RICOAUTO
RITES Limited,RITES
RKEC Projects Limited,RKEC
Rohit Ferro-Tech Limited,ROHITFERRO
Rollatainers Limited,ROLLT
Rolta India Limited,ROLTA
Rossari Biotech Limited,ROSSARI
Rossell India Limited,ROSSELLIND
Route Mobile Limited,ROUTE
Royal Orchid Hotels Limited,ROHLTD
RPG Life Sciences Limited,RPGLIFE
RSWM Limited,RSWM
Ruchi Infrastructure Limited,RUCHINFRA
Ruchi Soya Industries Limited,RUCHI
Ruchira Papers Limited,RUCHIRA
Rudrabhishek Enterprises Limited,REPL
Rupa & Company Limited,RUPA
Rushil Decor Limited,RUSHIL
S Chand And Company Limited,SCHAND
S H Kelkar and Company Limited,SHK
S&S Power Switchgears Limited,S&SPOWER
S. P. Apparels Limited,SPAL
S.A.L. Steel Limited,SALSTEEL
S.E. Power Limited,SEPOWER
S.S. Infrastructure Development Consultants Limited,SSINFRA
Sab Events & Governance Now Media Limited,SABEVENTS
Sadbhav Engineering Limited,SADBHAV
Sadbhav Infrastructure Project Limited,SADBHIN
Safari Industries (India) Limited,SAFARI
Sagar Cements Limited,SAGCEM
Sagardeep Alloys Limited,SAGARDEEP
Sakar Healthcare Limited,SAKAR
Saketh Exim Limited,SAKETH
Saksoft Limited,SAKSOFT
Sakthi Sugars Limited,SAKHTISUG
Sakuma Exports Limited,SAKUMA
Salasar Exteriors and Contour Limited,SECL
Salasar Techno Engineering Limited,SALASAR
Salona Cotspin Limited,SALONA
Salzer Electronics Limited,SALZERELEC
Sambhaav Media Limited,SAMBHAAV
Sanco Industries Limited,SANCO
Sandhar Technologies Limited,SANDHAR
Sangam (India) Limited,SANGAMIND
Sanghi Industries Limited,SANGHIIND
Sanghvi Forging and Engineering Limited,SANGHVIFOR
Sanghvi Movers Limited,SANGHVIMOV
Sanginita Chemicals Limited,SANGINITA
Sanofi India Limited,SANOFI
Sanwaria Consumer Limited,SANWARIA
Sarda Energy & Minerals Limited,SARDAEN
Saregama India Limited,SAREGAMA
Sarla Performance Fibers Limited,SARLAPOLY
Sarveshwar Foods Limited,SARVESHWAR
Sasken Technologies Limited,SASKEN
Sastasundar Ventures Limited,SASTASUNDR
Sathavahana Ispat Limited,SATHAISPAT
Satia Industries Limited,SATIA
Satin Creditcare Network Limited,SATIN
Savita Oil Technologies Limited,SOTL
SBI Cards and Payment Services Limited,SBICARD
SBI Life Insurance Company Limited,SBILIFE
Schaeffler India Limited,SCHAEFFLER
Schneider Electric Infrastructure Limited,SCHNEIDER
Seamec Limited,SEAMECLTD
SecUR Credentials Limited,SECURCRED
Security and Intelligence Services (India) Limited,SIS
SEL Manufacturing Company Limited,SELMCL
Selan Exploration Technology Limited,SELAN
Sequent Scientific Limited,SEQUENT
Servotech Power Systems Limited,SERVOTECH
Seshasayee Paper and Boards Limited,SESHAPAPER
Setco Automotive Limited,SETCO
Setubandhan Infrastructure Limited,SETUINFRA
Seya Industries Limited,SEYAIND
Sezal Glass Limited,SEZAL
Shah Alloys Limited,SHAHALLOYS
Shaival Reality Limited,SHAIVAL
Shakti_Pumps (India) Limited,SHAKTIPUMP
Shalby Limited,SHALBY
Shalimar Paints Limited,SHALPAINTS
Shankara Building Products Limited,SHANKARA
Shanthi Gears Limited,SHANTIGEAR
Shanti Overseas (India) Limited,SHANTI
Sharda Cropchem Limited,SHARDACROP
Sharda Motor Industries Limited,SHARDAMOTR
Sharon Bio-Medicine Limited,SHARONBIO
Sheela Foam Limited,SFL
Shekhawati Poly-Yarn Limited,SPYL
Shemaroo Entertainment Limited,SHEMAROO
Shilpa Medicare Limited,SHILPAMED
Shipping Corporation of India Limited,SCI
Shirpur Gold Refinery Limited,SHIRPUR-G
Shiv Aum Steels Limited,SHIVAUM
Shiva Mills Limited,SHIVAMILLS
Shiva Texyarn Limited,SHIVATEX
Shivam Autotech Limited,SHIVAMAUTO
Shoppers Stop Limited,SHOPERSTOP
Shradha Infraprojects Limited,SHRADHA
Shree Cement Limited,SHREECEM
Shree Digvijay Cement Co.Ltd,SHREDIGCEM
Shree Pushkar Chemicals & Fertilisers Limited,SHREEPUSHK
Shree Ram Proteins Limited,SRPL
Shree Rama Multi-Tech Limited,SHREERAMA
Shree Rama Newsprint Limited,RAMANEWS
Shree Renuka Sugars Limited,RENUKA
Shree Tirupati Balajee FIBC Limited,TIRUPATI
Shree Vasu Logistics Limited,SVLL
ShreeOswal Seeds And Chemicals Limited,OSWALSEEDS
Shrenik Limited,SHRENIK
Shreyans Industries Limited,SHREYANIND
Shreyas Shipping & Logistics Limited,SHREYAS
Shri Ram Switchgears Limited,SRIRAM
Shriram City Union Finance Limited,SHRIRAMCIT
Shriram EPC Limited,SHRIRAMEPC
Shriram Pistons & Rings Limited,SHRIPISTON
Shriram Transport Finance Company Limited,SRTRANSFIN
Shubhlaxmi Jewel Art Limited,SHUBHLAXMI
Shyam Century Ferrous Limited,SHYAMCENT
Shyam Metalics and Energy Ltd,SHYAMMETL
Shyam Telecom Limited,SHYAMTEL
Sicagen India Limited,SICAGEN
Sical Logistics Limited,SICAL
Siemens Limited,SIEMENS
Signet Industries Limited,SIGIND
Sikko Industries Limited,SIKKO
SIL Investments Limited,SILINV
Silgo Retail Limited,SILGO
Silly Monks Entertainment Limited,SILLYMONKS
Silver Touch Technologies Limited,SILVERTUC
Simbhaoli Sugars Limited,SIMBHALS
Simplex Infrastructures Limited,SIMPLEXINF
Sintercom India Limited,SINTERCOM
Sintex Industries Limited,SINTEX
Sintex Plastics Technology Limited,SPTL
Sirca Paints India Limited,SIRCA
Siti Networks Limited,SITINET
Siyaram Silk Mills Limited,SIYSIL
SJVN Limited,SJVN
SKF India Limited,SKFINDIA
SKIL Infrastructure Limited,SKIL
Skipper Limited,SKIPPER
SKM Egg Products Export (India) Limited,SKMEGGPROD
SKS Textiles Limited,SKSTEXTILE
Smartlink Holdings Limited,SMARTLINK
SML Isuzu Limited,SMLISUZU
SMS Lifesciences India Limited,SMSLIFE
SMS Pharmaceuticals Limited,SMSPHARMA
SMVD Poly Pack Limited,SMVD
Snowman Logistics Limited,SNOWMAN
Sobha Limited,SOBHA
Softtech Engineers Limited,SOFTTECH
Solar Industries India Limited,SOLARINDS
Solara Active Pharma Sciences Limited,SOLARA
Solex Energy Limited,SOLEX
Som Distilleries & Breweries Limited,SDBL
Soma Textiles & Industries Limited,SOMATEX
Somany Ceramics Limited,SOMANYCERA
Somany Home Innovation Limited,SHIL
Somi Conveyor Beltings Limited,SOMICONVEY
Sona Hi Sona Jewellers (Gujarat) Limited,SONAHISONA
Sonam Clock Limited,SONAMCLOCK
Sonata Software Limited,SONATSOFTW
Soni Soya Products Limited,SONISOYA
SORIL Infra Resources Limited,SORILINFRA
South West Pinnacle Exploration Limited,SOUTHWEST
Southern Petrochemicals Industries Corporation Limited,SPIC
Spacenet Enterprises India Limited,SPCENET
Spandana Sphoorty Financial Limited,SPANDANA
Speciality Restaurants Limited,SPECIALITY
Spectrum Electrical Industries Limited,SPECTRUM
Spencer's Retail Limited,SPENCERS
Spentex Industries Limited,SPENTEX
SPL Industries Limited,SPLIL
Splendid Metal Products Limited,SMPL
SPML Infra Limited,SPMLINFRA
Sree Rayalaseema Hi-Strength Hypo Limited,SRHHYPOLTD
Sreeleathers Limited,SREEL
SREI Infrastructure Finance Limited,SREINFRA
SRF Limited,SRF
Sri Adhikari Brothers Television Network Limited,SABTN
Sri Havisha Hospitality and Infrastructure Limited,HAVISHA
Srikalahasthi Pipes Limited,SRIPIPES
Stampede Capital Limited,STAMPEDE
Standard Industries Limited,SIL
Star Cement Limited,STARCEMENT
Star Paper Mills Limited,STARPAPER
State Bank of India,SBIN
Steel Authority of India Limited,SAIL
Steel City Securities Limited,STEELCITY
Steel Exchange India Limited,STEELXIND
Steel Strips Wheels Limited,SSWL
Stel Holdings Limited,STEL
Sterling And Wilson Solar Limited,SWSOLAR
Sterling Tools Limited,STERTOOLS
Sterlite Technologies Limited,STRTECH
STI India Limited,STINDIA
STL Global Limited,SGL
Strides Pharma Science Limited,STAR
Subex Limited,SUBEXLTD
Subros Limited,SUBROS
Sudarshan Chemical Industries Limited,SUDARSCHEM
Sujana Universal Industries Limited,SUJANAUNI
Sumeet Industries Limited,SUMEETINDS
Sumit Woods Limited,SUMIT
Sumitomo Chemical India Limited,SUMICHEM
Summit Securities Limited,SUMMITSEC
Sun Pharma Advanced Research Company Limited,SPARC
Sun Pharmaceutical Industries Limited,SUNPHARMA
Sun TV Network Limited,SUNTV
Sundaram Brake Linings Limited,SUNDRMBRAK
Sundaram Clayton Limited,SUNCLAYLTD
Sundaram Finance Holdings Limited,SUNDARMHLD
Sundaram Finance Limited,SUNDARMFIN
Sundaram Multi Pap Limited,SUNDARAM
Sundram Fasteners Limited,SUNDRMFAST
Sunflag Iron And Steel Company Limited,SUNFLAG
Super Spinning Mills Limited,SUPERSPIN
Superhouse Limited,SUPERHOUSE
Suprajit Engineering Limited,SUPRAJIT
Supreme Engineering Limited,SUPREMEENG
Supreme Industries Limited,SUPREMEIND
Supreme Infrastructure India Limited,SUPREMEINF
Supreme Petrochem Limited,SUPPETRO
Surana Solar Limited,SURANASOL
Surana Telecom and Power Limited,SURANAT&P
Surani Steel Tubes Limited,SURANI
Surevin BPO Services Limited,SUREVIN
Surya Roshni Limited,SURYAROSNI
Suryalakshmi Cotton Mills Limited,SURYALAXMI
Sutlej Textiles and Industries Limited,SUTLEJTEX
Suumaya Lifestyle Limited,SUULD
Suven Life Sciences Limited,SUVEN
Suven Pharmaceuticals Limited,SUVENPHAR
Suzlon Energy Limited,SUZLON
Swan Energy Limited,SWANENERGY
Swaraj Engines Limited,SWARAJENG
Swelect Energy Systems Limited,SWELECTES
Symphony Limited,SYMPHONY
Syncom Healthcare Limited,SYNCOM
Syngene International Limited,SYNGENE
T T Limited,TTL
Tainwala Chemical and Plastic (I) Limited,TAINWALCHM
Taj GVK Hotels & Resorts Limited,TAJGVK
Take Solutions Limited,TAKE
Talbros Automotive Components Limited,TALBROAUTO
Talwalkars Better Value Fitness Limited,TALWALKARS
Talwalkars Healthclubs Limited,TALWGYM
Tamil Nadu Newsprint & Papers Limited,TNPL
Tamil Nadu Petroproducts Limited,TNPETRO
Tamil Nadu Telecommunication Limited,TNTELE
Tanla Solutions Limited,TANLA
Tantia Constructions Limited,TANTIACONS
Tara Chand Logistic Solutions Limited,TARACHAND
Tarmat Limited,TARMAT
Tasty Bite Eatables Limited,TASTYBITE
Tata Chemicals Limited,TATACHEM
Tata Coffee Limited,TATACOFFEE
Tata Communications Limited,TATACOMM
Tata Consultancy Services Limited,TCS
Tata Consumer Products Limited,TATACONSUM
Tata Elxsi Limited,TATAELXSI
Tata Investment Corporation Limited,TATAINVEST
Tata Metaliks Limited,TATAMETALI
Tata Motors Limited,TATAMOTORS
Tata Power Company Limited,TATAPOWER
Tata Steel Bsl Limited,TATASTLBSL
Tata Steel Limited,TATASTEEL
Tata Steel Long Products Limited,TATASTLLP
Tata Teleservices (Maharashtra) Limited,TTML
TCI Developers Limited,TCIDEVELOP
TCI Express Limited,TCIEXP
TCI Finance Limited,TCIFINANCE
TCNS Clothing Co. Limited,TCNSBRANDS
TCPL Packaging Limited,TCPLPACK
TD Power Systems Limited,TDPOWERSYS
Teamlease Services Limited,TEAMLEASE
Tech Mahindra Limited,TECHM
Techindia Nirman Limited,TECHIN
Techno Electric & Engineering Company Limited,TECHNOE
Technocraft Industries (India) Limited,TIIL
Technofab Engineering Limited,TECHNOFAB
Tejas Networks Limited,TEJASNET
Tera Software Limited,TERASOFT
Texmaco Infrastructure & Holdings Limited,TEXINFRA
Texmaco Rail & Engineering Limited,TEXRAIL
Texmo Pipes and Products Limited,TEXMOPIPES
TGB Banquets And Hotels Limited,TGBHOTELS
Thangamayil Jewellery Limited,THANGAMAYL
The Andhra Sugars Limited,ANDHRSUGAR
The Anup Engineering Limited,ANUP
The Byke Hospitality Ltd,BYKE
The Federal Bank Limited,FEDERALBNK
The Great Eastern Shipping Company Limited,GESHIP
The Grob Tea Company Limited,GROBTEA
The Hi-Tech Gears Limited,HITECHGEAR
The India Cements Limited,INDIACEM
The Indian Hotels Company Limited,INDHOTEL
The Investment Trust Of India Limited,THEINVEST
The Jammu & Kashmir Bank Limited,J&KBANK
The Karnataka Bank Limited,KTKBANK
The Mandhana Retail Ventures Limited,TMRVL
The Motor & General Finance Limited,MOTOGENFIN
The New India Assurance Company Limited,NIACL
The Orissa Minerals Development Company Limited,ORISSAMINE
The Peria Karamalai Tea & Produce Company Limited,PKTEA
The Phoenix Mills Limited,PHOENIXLTD
The Ramco Cements Limited,RAMCOCEM
The Ruby Mills Limited,RUBYMILLS
The Sandesh Limited,SANDESH
The South Indian Bank Limited,SOUTHBANK
The State Trading Corporation of India Limited,STCINDIA
The Tinplate Company of India Limited,TINPLATE
The Ugar Sugar Works Limited,UGARSUGAR
The United Nilgiri Tea Estates Company Limited,UNITEDTEA
The Western India Plywoods Limited,WIPL
Thejo Engineering Limited,THEJO
Themis Medicare Limited,THEMISMED
Thermax Limited,THERMAX
Thiru Arooran Sugars Limited,THIRUSUGAR
Thirumalai Chemicals Limited,TIRUMALCHM
Thomas Cook (India) Limited,THOMASCOOK
Thomas Scott (India) Limited,THOMASCOTT
Thyrocare Technologies Limited,THYROCARE
Tide Water Oil Company (India) Limited,TIDEWATER
Tijaria Polypipes Limited,TIJARIA
TIL Limited,TIL
Tilaknagar Industries Limited,TI
Time Technoplast Limited,TIMETECHNO
Times Guaranty Limited,TIMESGTY
Timken India Limited,TIMKEN
TIPS Industries Limited,TIPSINDLTD
Tirupati Forge Limited,TIRUPATIFL
Titagarh Wagons Limited,TWL
Titan Company Limited,TITAN
Tokyo Plast International Limited,TOKYOPLAST
Torrent Pharmaceuticals Limited,TORNTPHARM
Torrent Power Limited,TORNTPOWER
Total Transport Systems Limited,TOTAL
Touchwood Entertainment Limited,TOUCHWOOD
Tourism Finance Corporation of India Limited,TFCILTD
TPL Plastech Limited,TPLPLASTEH
Transformers And Rectifiers (India) Limited,TRIL
Transport Corporation of India Limited,TCI
Transwarranty Finance Limited,TFL
Transwind Infrastructures Limited,TRANSWIND
Tree House Education & Accessories Limited,TREEHOUSE
Trejhara Solutions Limited,TREJHARA
Trent Limited,TRENT
TRF Limited,TRF
Tribhovandas Bhimji Zaveri Limited,TBZ
Trident Limited,TRIDENT
Trigyn Technologies Limited,TRIGYN
Triveni Engineering & Industries Limited,TRIVENI
Triveni Turbine Limited,TRITURBINE
TTK Healthcare Limited,TTKHLTCARE
TTK Prestige Limited,TTKPRESTIG
Tube Investments of India Limited,TIINDIA
TV Today Network Limited,TVTODAY
TV Vision Limited,TVVISION
TV18 Broadcast Limited,TV18BRDCST
TVS Electronics Limited,TVSELECT
TVS Motor Company Limited,TVSMOTOR
TVS Srichakra Limited,TVSSRICHAK
Ucal Fuel Systems Limited,UCALFUEL
UCO Bank,UCOBANK
UFLEX Limited,UFLEX
UFO Moviez India Limited,UFO
UGRO Capital Limited,UGROCAP
Ujaas Energy Limited,UJAAS
Ujjivan Financial Services Limited,UJJIVAN
Ujjivan Small Finance Bank Limited,UJJIVANSFB
Ultra Wiring Connectivity System Limited,UWCSL
UltraTech Cement Limited,ULTRACEMCO
Umang Dairies Limited,UMANGDAIRY
Unichem Laboratories Limited,UNICHEMLAB
Uniinfo Telecom Services Limited,UNIINFO
Union Bank of India,UNIONBANK
Uniphos Enterprises Limited,UNIENTER
Uniply Industries Limited,UNIPLY
Unitech Limited,UNITECH
United Breweries Limited,UBL
United Polyfab Gujarat Limited,UNITEDPOLY
United Spirits Limited,MCDOWELL-N
Unity Infraprojects Limited,UNITY
Univastu India Limited,UNIVASTU
Universal Cables Limited,UNIVCABLES
Universus Photo Imagings Limited,UNIVPHOTO
UPL Limited,UPL
Uravi T and Wedge Lamps Limited,URAVI
Urja Global Limited,URJA
Usha Martin Education & Solutions Limited,UMESLTD
Usha Martin Limited,USHAMART
Ushanti Colour Chem Limited,UCL
UTI Asset Management Company Limited,UTIAMC
Uttam Galva Steels Limited,UTTAMSTL
Uttam Sugar Mills Limited,UTTAMSUGAR
Uttam Value Steels Limited,UVSL
Shukla industries Pvt LTD,VSTTILLERS
V2 Retail Limited,V2RETAIL
VA Tech Wabag Limited,WABAG
Vadilal Industries Limited,VADILALIND
Vadivarhe Speciality Chemicals Limited,VSCL
Vaibhav Global Limited,VAIBHAVGBL
Vaishali Pharma Limited,VAISHALI
Vakrangee Limited,VAKRANGEE
Vardhman Acrylics Limited,VARDHACRLC
Vardhman Holdings Limited,VHL
Vardhman Polytex Limited,VARDMNPOLY
Vardhman Special Steels Limited,VSSL
Vardhman Textiles Limited,VTL
Varroc Engineering Limited,VARROC
Varun Beverages Limited,VBL
Vasa Retail and Overseas Ltd,VASA
Vascon Engineers Limited,VASCONEQ
Vaswani Industries Limited,VASWANI
Vaxtex Cotfab Limited,VCL
Vedanta Limited,VEDL
Venky's (India) Limited,VENKEYS
Venus Remedies Limited,VENUSREM
Vera Synthetic Limited,VERA
Vertoz Advertising Limited,VERTOZ
Vesuvius India Limited,VESUVIUS
Veto Switchgears And Cables Limited,VETO
V-Guard Industries Limited,VGUARD
Viceroy Hotels Limited,VICEROY
Videocon Industries Limited,VIDEOIND
Vidhi Specialty Food Ingredients Limited,VIDHIING
Viji Finance Limited,VIJIFIN
Vikas EcoTech Limited,VIKASECO
Vikas Multicorp Limited,VIKASMCORP
Vimta Labs Limited,VIMTALABS
Vinati Organics Limited,VINATIORGA
Vindhya Telelinks Limited,VINDHYATEL
Vinny Overseas Limited,VINNY
Vinyl Chemicals (India) Limited,VINYLINDIA
VIP Clothing Limited,VIPCLOTHNG
VIP Industries Limited,VIPIND
Vipul Limited,VIPULLTD
Visa Steel Limited,VISASTEEL
Visagar Polytex Limited,VIVIDHA
Visaka Industries Limited,VISAKAIND
Vishnu Chemicals Limited,VISHNU
Vishwaraj Sugar Industries Limited,VISHWARAJ
Vivimed Labs Limited,VIVIMEDLAB
VLS Finance Limited,VLSFINANCE
V-Mart Retail Limited,VMART
Vodafone Idea Limited,IDEA
Voltamp Transformers Limited,VOLTAMP
Voltas Limited,VOLTAS
VRL Logistics Limited,VRLLOG
VST Industries Limited,VSTIND
W S Industries (I) Limited,WSI
WABCO India Limited,WABCOINDIA
Walchandnagar Industries Limited,WALCHANNAG
Wanbury Limited,WANBURY
Wealth First Portfolio Managers Limited,WEALTH
Websol Energy System Limited,WEBELSOLAR
Weizmann Limited,WEIZMANIND
Welspun Corp Limited,WELCORP
Welspun Enterprises Limited,WELENT
Welspun India Limited,WELSPUNIND
Welspun Investments and Commercials Limited,WELINV
Wendt (India) Limited,WENDT
West Coast Paper Mills Limited,WSTCSTPAPR
Wheels India Limited,WHEELS
Whirlpool of India Limited,WHIRLPOOL
Williamson Magor & Company Limited,WILLAMAGOR
Windsor Machines Limited,WINDMACHIN
Wipro Limited,WIPRO
Wockhardt Limited,WOCKPHARMA
Wonder Fibromats Limited,WFL
Wonderla Holidays Limited,WONDERLA
Worth Peripherals Limited,WORTH
Xchanging Solutions Limited,XCHANGING
Xelpmoc Design And Tech Limited,XELPMOC
Xpro India Limited,XPROINDIA
Yes Bank Limited,YESBANK
Zee Entertainment Enterprises Limited,ZEEL
Zee Learn Limited,ZEELEARN
Zee Media Corporation Limited,ZEEMEDIA
Zen Technologies Limited,ZENTEC
Zenith Birla (India) Limited,ZENITHBIR
Zenith Exports Limited,ZENITHEXPO
Zensar Technologies Limited,ZENSARTECH
Zicom Electronic Security Systems Limited,ZICOM
Zodiac Clothing Company Limited,ZODIACLOTH
Zodiac Energy Limited,ZODIAC
Zodiac JRD- MKJ Limited,ZODJRDMKJ
Zota Health Care Limited,ZOTA
Zuari Agro Chemicals Limited,ZUARI
Zuari Global Limited,ZUARIGLOB
Zydus Wellness Limited,ZYDUSWELL
ZAGGLE Zaggle,ZAGGLE
360 ONE WAM LIMITED,360ONE
3i Infotech Limited,3IINFOLTD
3M India Limited,3MINDIA
63 moons technologies limited,63MOONS
AAA Technologies Limited,AAATECH
Aadhar Housing Finance Limited,AADHARHFC
Aarey Drugs & Pharmaceuticals Limited,AAREYDRUGS
Aartech Solonics Limited,AARTECH
Aarti Pharmalabs Limited,AARTIPHARM
Aarti Surfactants Limited,AARTISURF
Abbott India Limited,ABBOTINDIA
Allied Blenders and Distillers Limited,ABDL
ABM International Limited,ABMINTLLTD
Aditya Birla Real Estate Limited,ABREL
Aditya Birla Sun Life AMC Limited,ABSLAMC
Archean Chemical Industries Limited,ACI
Andhra Cements Limited,ACL
Allcargo Gati Limited,ACLGATI
Acme Solar Holdings Limited,ACMESOLAR
Adani Energy Solutions Limited,ADANIENSOL
Archidply Decor Limited,ADL
Aegis Logistics Limited,AEGISLOG
Aeroflex Industries Limited,AEROFLEX
Aether Industries Limited,AETHER
Afcons Infrastructure Limited,AFCONS
Affordable Robotic & Automation Limited,AFFORDABLE
Akme Fintrade (India) Limited,AFIL
Dr. Agarwal's Health Care Limited,AGARWALEYE
AGI Greenpac Limited,AGI
Agi Infra Limited,AGIIL
AGS Transact Technologies Limited,AGSTRA
Abans Holdings Limited,AHL
Authum Investment & Infrastructure Limited,AIIL
Ajax Engineering Limited,AJAXENGG
AKI India Limited,AKI
Akshar Spintex Limited,AKSHAR
Akums Drugs and Pharmaceuticals Limited,AKUMS
Alivus Life Sciences Limited,ALIVUS
Alldigi Tech Limited,ALLDIGI
Ambica Agarbathies & Aroma industries Limited,AMBICAAGAR
Ami Organics Limited,AMIORG
Amines & Plasticizers Limited,AMNPLST
Anand Rathi Wealth Limited,ANANDRATHI
ANDHRA PAPER LIMITED,ANDHRAPAP
Angel One Limited,ANGELONE
Anmol India Limited,ANMOL
Antarctica Limited,ANTGRAPHIC
Anuh Pharma Limited,ANUHPHR
Anupam Rasayan India Limited,ANURAS
Aptus Value Housing Finance India Limited,APTUS
Amara Raja Energy & Mobility Limited,ARE&M
Arihant Capital Markets Limited,ARIHANTCAP
Arkade Developers Limited,ARKADE
Ashoka Metcast Limited,ASHOKAMET
Asian Energy Services Limited,ASIANENE
ASK Automotive Limited,ASKAUTOLTD
Bartronics India Limited,ASMS
Atal Realtech Limited,ATALREAL
Atam Valves Limited,ATAM
Adani Total Gas Limited,ATGL
Allcargo Terminals Limited,ATL
ATLANTAA LIMITED,ATLANTAA
Aurionpro Solutions Limited,AURIONPRO
Aurum PropTech Limited,AURUM
Avalon Technologies Limited,AVALON
Avantel Limited,AVANTEL
Aditya Vision Limited,AVL
Avonmore Capital & Management Services Limited,AVONMORE
AVRO INDIA LIMITED,AVROIND
Awfis Space Solutions Limited,AWFIS
Antony Waste Handling Cell Limited,AWHCL
Adani Wilmar Limited,AWL
AXISCADES Technologies Limited,AXISCADES
Axita Cotton Limited,AXITA
Azad Engineering Limited,AZAD
Baid Finserv Limited,BAIDFIN
Bajaj Healthcare Limited,BAJAJHCARE
Bajaj Housing Finance Limited,BAJAJHFL
Indef Manufacturing Limited,BAJAJINDEF
Bajel Projects Limited,BAJEL
Shree Tirupati Balajee Agro Trading Company Limited,BALAJEE
BALAXI PHARMACEUTICALS LIMITED,BALAXI
Balu Forge Industries Limited,BALUFORGE
Bansal Wire Industries Limited,BANSALWIRE
Barbeque Nation Hospitality Limited,BARBEQUE
Bayer Cropscience Limited,BAYERCROP
Black Box Limited,BBOX
Bcl Industries Limited,BCLIND
Mrs. Bectors Food Specialities Limited,BECTORFOOD
Best Agrolife Limited,BESTAGRO
Bhagiradha Chemicals & Industries Limited,BHAGCHEM
Bharat Seats Limited,BHARATSE
Bharti Hexacom Limited,BHARTIHEXA
Bikaji Foods International Limited,BIKAJI
Binani Industries Limited,BINANIIND
Zinka Logistics Solutions Limited,BLACKBUCK
BEML Land Assets Limited,BLAL
BLS E-Services Limited,BLSE
Blue Jet Healthcare Limited,BLUEJET
Bohra Industries Limited,BOHRAIND
Borosil Limited,BOROLTD
BOROSIL RENEWABLES LIMITED,BORORENEW
Borosil Scientific Limited,BOROSCI
BIRLASOFT LIMITED,BSOFT
Bodhi Tree Multimedia Limited,BTML
Campus Activewear Limited,CAMPUS
Capital Small Finance Bank Limited,CAPITALSFB
Carraro India Limited,CARRARO
Cartrade Tech Limited,CARTRADE
CARYSIL LIMITED,CARYSIL
Ceigall India Limited,CEIGALL
Cello World Limited,CELLO
Concord Enviro Systems Limited,CEWATER
Chemplast Sanmar Limited,CHEMPLASTS
Cheviot Company Limited,CHEVIOT
Choice International Limited,CHOICEIN
CIE Automotive India Limited,CIEINDIA
Clean Science and Technology Limited,CLEAN
Chaman Lal Setia Exports Limited,CLSEL
CMS Info Systems Limited,CMSINFO
Coastal Corporation Limited,COASTCORP
Coffee Day Enterprises Limited,COFFEEDAY
Commercial Syn Bags Limited,COMSYN
Concord Biotech Limited,CONCORDBIO
COSMO FIRST LIMITED,COSMOFIRST
CP Capital Limited,CPCAP
Craftsman Automation Limited,CRAFTSMAN
Creative Newtech Limited,CREATIVE
CREDITACCESS GRAMEEN LIMITED,CREDITACC
CSL Finance Limited,CSLFINANCE
Cura Technologies Limited,CURAA
Cyber Media (India) Limited,CYBERMEDIA
Cyient DLM Limited,CYIENTDLM
Dam Capital Advisors Limited,DAMCAPITAL
Data Patterns (India) Limited,DATAPATTNS
Davangere Sugar Company Limited,DAVANGERE
Deepak Builders & Engineers India Limited,DBEIL
Dhampur Bio Organics Limited,DBOL
Valor Estate Limited,DBREALTY
Dc Infotech And Communication Limited,DCI
DCM  Limited,DCM
DCM Shriram Industries Limited,DCMSRIND
DCX Systems Limited,DCXINDIA
Ddev Plastiks Industries Limited,DDEVPLSTIK
DEE Development Engineers Limited,DEEDEV
Deep Industries Limited,DEEPINDS
Delhivery Limited,DELHIVERY
DELPHI WORLD MONEY LIMITED,DELPHIFX
Denta Water and Infra Solutions Limited,DENTA
Devyani International Limited,DEVYANI
Dhani Services Limited,DHANI
Dharmaj Crop Guard Limited,DHARMAJ
Dhruv Consultancy Services Limited,DHRUV
Diamond Power Infrastructure Limited,DIACABS
Diamines & Chemicals Limited,DIAMINESQ
Diffusion Engineers Limited,DIFFNKG
Digidrive Distributors Limited,DIGIDRIVE
Digjam Limited,DIGJAMLMTD
Debock Industries Limited,DIL
Divgi Torqtransfer Systems Limited,DIVGIITTS
DJ Mediaprint & Logistics Limited,DJML
DMCC SPECIALITY CHEMICALS LIMITED,DMCC
Dodla Dairy Limited,DODLA
Dolat Algotech Limited,DOLATALGO
Dolphin Offshore Enterprises (India) Limited,DOLPHIN
DOMS Industries Limited,DOMS
DRC Systems India Limited,DRCSYSTEMS
Dreamfolks Services Limited,DREAMFOLKS
Dynamic Cables Limited,DYCL
Easy Trip Planners Limited,EASEMYTRIP
Ecos (India) Mobility & Hospitality Limited,ECOSMOBLTY
Enviro Infra Engineers Limited,EIEL
Eldeco Housing And Industries Limited,ELDEHSG
Elin Electronics Limited,ELIN
Embassy Developments Limited,EMBDL
Emcure Pharmaceuticals Limited,EMCURE
EMS Limited,EMSLIMITED
eMudhra Limited,EMUDHRA
Entero Healthcare Solutions Limited,ENTERO
EPACK Durable Limited,EPACK
Epigral Limited,EPIGRAL
EPL Limited,EPL
Equippp Social Impact Technologies Limited,EQUIPPP
ESAF Small Finance Bank Limited,ESAFSFB
Escorts Kubota Limited,ESCORTS
Integra Essentia Limited,ESSENTIA
Ethos Limited,ETHOSLTD
Eureka Forbes Limited,EUREKAFORB
Exicom Tele-Systems Limited,EXICOM
Exxaro Tiles Limited,EXXARO
Fairchem Organics Limited,FAIRCHEMOR
Faze Three Limited,FAZE3Q
The Federal Bank  Limited,FEDERALBNK
Fedbank Financial Services Limited,FEDFINA
Future Enterprises Limited,FELDVR
Fiberweb (India) Limited,FIBERWEB
Filatex Fashions Limited,FILATFASH
Fino Payments Bank Limited,FINOPB
Brainbees Solutions Limited,FIRSTCRY
Five-Star Business Finance Limited,FIVESTAR
Flair Writing Industries Limited,FLAIR
Federal-Mogul Goetze (India) Limited.,FMGOETZE
Foods & Inns Limited,FOODSIN
FORCE MOTORS LTD,FORCEMOT
Fusion Finance Limited,FUSION
Gala Precision Engineering Limited,GALAPREC
Gallantt Ispat Limited,GALLANTT
Gandhar Oil Refinery (India) Limited,GANDHAR
Ganesh Benzoplast Limited,GANESHBE
Garuda Construction and Engineering Limited,GARUDA
GACM Technologies Limited,GATECH
GACM Technologies Limited,GATECHDVR
Gateway Distriparks Limited,GATEWAY
Generic Engineering Construction and Projects Limited,GENCON
Gensol Engineering Limited,GENSOL
GHCL Textiles Limited,GHCLTEXTIL
Globale Tessile Limited,GLOBALE
Gloster Limited,GLOSTERLTD
GMR AIRPORTS LIMITED,GMRAIRPORT
GMR Power and Urban Infra Limited,GMRP&UI
Go Fashion (India) Limited,GOCOLORS
Godavari Biorefineries Limited,GODAVARIB
Go Digit General Insurance Limited,GODIGIT
AION-TECH SOLUTIONS LIMITED,GOLDTECH
Gopal Snacks Limited,GOPAL
Goyal Aluminiums Limited,GOYALALUM
GPT Healthcare Limited,GPTHEALTH
GRM Overseas Limited,GRMOVER
Garware Hi-Tech Films Limited,GRWRHITECH
Global Surfaces Limited,GSLSU
G-TEC JAINX EDUCATION LIMITED,GTECJAINX
Gujarat Themis Biosyn Limited,GUJTHEM
GVP Infotech Limited,GVPTECH
GE Vernova T&D India Limited,GVT&D
Happy Forgings Limited,HAPPYFORGE
Hardwyn India Limited,HARDWYN
Hariom Pipe Industries Limited,HARIOMPIPE
Harrisons  Malayalam Limited,HARRMALAYA
Harsha Engineers International Limited,HARSHA
HBL Engineering Limited,HBLENGINE
Heads UP Ventures Limited,HEADSUP
Hemisphere Properties India Limited,HEMIPROP
Heubach Colorants India Limited,HEUBACHIND
Hexaware Technologies Limited,HEXT
Hindware Home Innovation Limited,HINDWAREAP
HLE Glascoat Limited,HLEGLAS
HLV LIMITED,HLVLTD
HMA Agro Industries Limited,HMAAGRO
Hindustan Foods Limited,HNDFDS
Home First Finance Company India Limited,HOMEFIRST
Honasa Consumer Limited,HONASA
Honda India Power Products Limited,HONDAPOWER
HP Adhesives Limited,HPAL
Huhtamaki India Limited,HUHTAMAKI
Hybrid Financial Services Limited,HYBRIDFIN
Hyundai Motor India Limited,HYUNDAI
ICDS Limited,ICDSLTD
Ideaforge Technology Limited,IDEAFORGE
Indiabulls Enterprises Limited,IEL
International Gemmological Institute (India) Limited,IGIL
IIFL Capital Services Limited,IIFLCAPS
IKIO Lighting Limited,IKIO
Inventurus Knowledge Solutions Limited,IKS
Imagicaaworld Entertainment Limited,IMAGICAA
INCREDIBLE INDUSTRIES LIMITED,INCREDIBLE
Indegene Limited,INDGN
India Shelter Finance Corporation Limited,INDIASHLTR
Indigo Paints Limited,INDIGOPNTS
Indo Amines Limited,INDOAMIN
Indo Borax & Chemicals Limited,INDOBORAX
Indo Farm Equipment Limited,INDOFARM
Indo Us Biotech Limited,INDOUS
Indus Towers Limited,INDUSTOWER
Innova Captab Limited,INNOVACAP
Inox Green Energy Services Limited,INOXGREEN
INOX India Limited,INOXINDIA
Interarch Building Products Limited,INTERARCH
International Conveyors Limited,INTLCONV
ION Exchange (India) Limited,IONEXCHANG
India Pesticides Limited,IPL
Indian Railway Catering And Tourism Corporation Limited,IRCTC
Indian Renewable Energy Development Agency Limited,IREDA
Indian Railway Finance Corporation Limited,IRFC
Iris Business Services Limited,IRIS
Iris Clothings Limited-RE,IRIS-RE
IRM Energy Limited,IRMENERGY
Isgec Heavy Engineering Limited,ISGEC
Ishan Dyes and Chemicals Limited,ISHANCH
ITC Hotels Limited,ITCHOTELS
Inox Wind Energy Limited,IWEL
Le Travenues Technology Limited,IXIGO
Nandani Creation Limited,JAIPURKURT
Johnson Controls - Hitachi Air Conditioning India Limited,JCHAC
J.G.Chemicals Limited,JGCHEM
Jio Financial Services Limited,JIOFIN
Jain Irrigation Systems Limited,JISLDVREQS
Jupiter Life Line Hospitals Limited,JLHL
JNK India Limited,JNKINDIA
Jana Small Finance Bank Limited,JSFB
JSW Infrastructure Limited,JSWINFRA
JTL INDUSTRIES LIMITED,JTLIND
Jubilant Agri and Consumer Products Limited,JUBLCPL
Jubilant Ingrevia Limited,JUBLINGREA
Jubilant Pharmova Limited,JUBLPHARMA
Juniper Hotels Limited,JUNIPER
Jupiter Wagons Limited,JWL
Jyoti CNC Automation Limited,JYOTICNC
Sai Silks (Kalamandir) Limited,KALAMANDIR
Kalyan Jewellers India Limited,KALYANKJIL
Kamdhenu Ventures Limited,KAMOPAINTS
Kanpur Plastipack Limited,KANPRPLA
Kapston Services Limited,KAPSTON
Kavveri Telecom Products Limited,KAVVERITEL
Kaynes Technology India Limited,KAYNES
KBC Global Limited,KBCGLOBAL
DSJ Keep Learning Limited,KEEPLEARN
Kfin Technologies Limited,KFINTECH
Khaitan Chemicals & Fertilizers Limited,KHAICHEM
Khaitan (India) Limited,KHAITANLTD
Krishna Institute of Medical Sciences Limited,KIMS
Kirloskar Pneumatic Company Limited,KIRLPNU
Knowledge Marine & Engineering Works Limited,KMEW
Kolte - Patil Developers Limited,KOLTEPATIL
K.P. Energy Limited,KPEL
KPI Green Energy Limited,KPIGREEN
Kalpataru Projects International Limited,KPIL
Kriti Industries (India) Limited,KRITI
Kriti Nutrients Limited,KRITINUT
KRN Heat Exchanger and Refrigeration Limited,KRN
Kronox Lab Sciences Limited,KRONOX
Kross Limited,KROSS
Krsnaa Diagnostics Limited,KRSNAA
Krystal Integrated Services Limited,KRYSTAL
Ksolves India Limited,KSOLVES
Lorenzini Apparels Limited,LAL
Lancor Holdings Limited,LANCORHOL
Landmark Cars Limited,LANDMARK
Latent View Analytics Limited,LATENTVIEW
Laxmi Dental Limited,LAXMIDENTL
LCC Infotech Limited,LCCINFOTEC
Laxmi Goldorna House Limited,LGHL
Libas Consumer Products Limited,LIBAS
Life Insurance Corporation Of India,LICI
Linc Limited,LINC
LLOYDS ENGINEERING WORKS LIMITED,LLOYDSENGG
Lloyds Enterprises Limited,LLOYDSENT
Lloyds Metals And Energy Limited,LLOYDSME
LMW Limited,LMW
Macrotech Developers Limited,LODHA
Lords Chloro Alkali Limited,LORDSCHLO
Loyal Textile Mills Limited,LOYALTEX
L&T Finance Limited,LTF
LT Foods Limited,LTFOODS
LTIMindtree Limited,LTIM
Laxmi Organic Industries Limited,LXCHEM
Mallcom (India) Limited,MALLCOM
Mamata Machinery Limited,MAMATA
Manba Finance Limited,MANBA
Mangal Credit and Fincorp Limited,MANCREDIT
Mankind Pharma Limited,MANKIND
Manomay Tex India Limited,MANOMAY
Manorama Industries Limited,MANORAMA
Mangalam Organics Limited,MANORG
Vedant Fashions Limited,MANYAVAR
C.E. Info Systems Limited,MAPMYINDIA
Master Trust Limited,MASTERTR
Matrimony.Com Limited,MATRIMONY
Max Estates Limited,MAXESTATES
Max India Limited,MAXIND
MBL Infrastructure Limited,MBLINFRA
Magellanic Cloud Limited,MCLOUD
Multi Commodity Exchange of India Limited,MCX
Global Health Limited,MEDANTA
Medi Assist Healthcare Services Limited,MEDIASSIST
Medicamen Biotech Limited,MEDICAMEQ
Medico Remedies Limited,MEDICO
Medplus Health Services Limited,MEDPLUS
Megastar Foods Limited,MEGASTAR
Metro Brands Limited,METROBRAND
Mahalaxmi Fabric Mills Limited,MFML
Mahalaxmi Rubtech Limited,MHLXMIRU
MIC Electronics Limited,MICEL
One Mobikwik Systems Limited,MOBIKWIK
MODISON LIMITED,MODISONLTD
Modern Threads (India) Limited,MODTHREAD
Meghmani Organics Limited,MOL
Monarch Networth Capital Limited,MONARCH
Moschip Technologies Limited,MOSCHIP
Samvardhana Motherson International Limited,MOTHERSON
Motisons Jewellers Limited,MOTISONS
Mstc Limited,MSTCLTD
Motherson Sumi Wiring India Limited,MSUMI
Mtar Technologies Limited,MTARTECH
Mufin Green Finance Limited,MUFIN
Credo Brands Marketing Limited,MUFTI
Mukka Proteins Limited,MUKKA
Muthoot Microfin Limited,MUTHOOTMF
Manoj Vaibhav Gems N Jewellers Limited,MVGJL
Natural Capsules Limited,NATCAPSUQ
NAVA LIMITED,NAVA
Navkar Urbanstructure Limited,NAVKARURB
Nazara Technologies Limited,NAZARA
NDL Ventures Limited,NDLVENTURE
Ndr Auto Components Limited,NDRAUTO
Nestle India Limited,NESTLEIND
Netweb Technologies India Limited,NETWEB
Nakoda Group of Industries Limited,NGIL
NGL Fine-Chem Limited,NGLFINE
NIBE Limited,NIBE
NIIT Learning Systems Limited,NIITMTS
NINtec Systems Limited,NINSYS
Niraj Cement Structurals Limited,NIRAJ
Niva Bupa Health Insurance Company Limited,NIVABUPA
Northern Arc Capital Limited,NORTHARC
Nova Agritech Limited,NOVAAGRI
Nupur Recyclers Limited,NRL
NMDC Steel Limited,NSLNISP
NTPC Green Energy Limited,NTPCGREEN
Nureca Limited,NURECA
Nuvama Wealth Management Limited,NUVAMA
Nuvoco Vistas Corporation Limited,NUVOCO
FSN E-Commerce Ventures Limited,NYKAA
Orissa Bengal Carrier Limited,OBCL
OCCL Limited,OCCLLTD
Odigma Consultancy Solutions Limited,ODIGMA
Ola Electric Mobility Limited,OLAELEC
OM INFRA LIMITED,OMINFRAL
Onesource Specialty Pharma Limited,ONESOURCE
Orchasp Limited,ORCHASP
Orchid Pharma Limited,ORCHPHARMA
ORIENT CERATECH LIMITED,ORIENTCER
Orient Technologies Limited,ORIENTTECH
ORTIN GLOBAL LIMITED,ORTINGLOBE
Oswal Greentech Limited,OSWALGREEN
PAKKA LIMITED,PAKKA
Par Drugs And Chemicals Limited,PAR
Paradeep Phosphates Limited,PARADEEP
Paras Defence and Space Technologies Limited,PARAS
Paras Petrofils Limited,PARASPETRO
Apeejay Surrendra Park Hotels Limited,PARKHOTELS
Pasupati Acrylon Limited,PASUPTAC
Patanjali Foods Limited,PATANJALI
Pavna Industries Limited,PAVNAIND
One 97 Communications Limited,PAYTM
PCBL Chemical Limited,PCBL
PDS Limited,PDSL
PIL ITALICA LIFESTYLE LIMITED,PILITA
Pix Transmissions Limited,PIXTRANS
Platinum Industries Limited,PLATIND
Plaza Wires Limited,PLAZACABLE
P N Gadgil Jewellers Limited,PNGJL
Pondy Oxides & Chemicals Limited,POCL
PB Fintech Limited,POLICYBZR
Poonawalla Fincorp Limited,POONAWALLA
Hitachi Energy India Limited,POWERINDIA
Piramal Pharma Limited,PPLPHARMA
Prabha Energy Limited,PRABHA
Precot Limited,PRECOT
Premier Energies Limited,PREMIERENE
Pritika Auto Industries Limited,PRITIKAUTO
Privi Speciality Chemicals Limited,PRIVISCL
Protean eGov Technologies Limited,PROTEAN
Prozone Realty Limited,PROZONER
Prudent Corporate Advisory Services Limited,PRUDENT
Prudential Sugar Corporation Limited,PRUDMOULI
PTC Industries Limited,PTCIL
PVP Ventures Limited,PVP
PVR INOX Limited,PVRINOX
Popular Vehicles and Services Limited,PVSL
Pyramid Technoplast Limited,PYRAMID
Quality Power Electrical Equipments Limited,QPOWER
Quadrant Future Tek Limited,QUADFUTURE
Race Eco Chain Limited,RACE
RACL Geartech Limited,RACLGEAR
Radhika Jeweltech Limited,RADHIKAJWE
Radiant Cash Management Services Limited,RADIANTCMS
Railtel Corporation Of India Limited,RAILTEL
Rainbow Childrens Medicare Limited,RAINBOW
Rajratan Global Wire Limited,RAJRATAN
Raj Rayon Industries Limited,RAJRILTD
Rama Phosphates Limited,RAMAPHO
Ram Ratna Wires Limited,RAMRAT
Rategain Travel Technologies Limited,RATEGAIN
Ratnaveer Precision Engineering Limited,RATNAVEER
Raymond Lifestyle Limited,RAYMONDLSL
Restaurant Brands Asia Limited,RBA
RBZ Jewellers Limited,RBZJEWEL
Redington Limited,REDINGTON
Redtape Limited,REDTAPE
Regency Ceramics Limited,REGENCERAM
Reliance Chemotex Industries Limited,RELCHEMQ
Ravindra Energy Limited,RELTD
JHS Svendgaard Retail Ventures Limited,RETAIL
RHI MAGNESITA INDIA LIMITED,RHIM
Robust Hotels Limited,RHL
Rishabh Instruments Limited,RISHABH
Ritco Logistics Limited,RITCO
R K Swamy Limited,RKSWAMY
Rolex Rings Limited,ROLEXRINGS
Raj Oil Mills Limited,ROML
Rossell Techsys Limited,ROSSTECH
Roto Pumps Limited,ROTO
ROUTE MOBILE LIMITED,ROUTE
Raghav Productivity Enhancers Limited,RPEL
RPSG VENTURES LIMITED,RPSGVENT
Rashi Peripherals Limited,RPTECH
R R Kabel Limited,RRKABEL
RattanIndia Enterprises Limited,RTNINDIA
Rubfila International Limited,RUBFILA
Keystone Realtors Limited,RUSTOMJEE
Ravinder Heights Limited,RVHL
Revathi Equipment India Limited,RVTH
Sri Adhikari Brothers Television Network Limited,SABTNL
Sadhana Nitrochem Limited,SADHNANIQ
Sagility India Limited,SAGILITY
Sah Polymers Limited,SAH
Sahyadri Industries Limited,SAHYADRI
Sai Life Sciences Limited,SAILIFE
Samhi Hotels Limited,SAMHI
Sammaan Capital Limited,SAMMAANCAP
Sampann Utpadan India Limited,SAMPANN
Sanathan Textiles Limited,SANATHAN
Sandur Manganese & Iron Ores Limited,SANDUMA
Sanofi Consumer Healthcare India Limited,SANOFICONR
Sansera Engineering Limited,SANSERA
Sanstar Limited,SANSTAR
Sapphire Foods India Limited,SAPPHIRE
Sat Industries Limited,SATINDLTD
Saurashtra Cement Limited,SAURASHCEM
SBC Exports Limited,SBC
Shivalik Bimetal Controls Limited,SBCL
SBFC Finance Limited,SBFC
Suratwwala Business Group Limited,SBGLP
Shipping Corporation Of India Limited,SCI
Shipping Corporation of India Land and Assets Limited,SCILAL
Sheetal Cool Products Limited,SCPL
SecMark Consultancy Limited,SECMARK
SECUREKLOUD TECHNOLOGIES LIMITED,SECURKLOUD
Sejal Glass Limited,SEJALLTD
SEL Manufacturing Company Limited,SELMC
SEMAC CONSULTANTS LIMITED,SEMAC
Senco Gold Limited,SENCO
Senores Pharmaceuticals Limited,SENORES
SEPC Limited,SEPC
Servotech Renewable Power System Limited,SERVOTECH
Synergy Green Industries Limited,SGIL
Standard Glass Lining Technology Limited,SGLTL
Shah Metacorp Limited,SHAH
Shaily Engineering Plastics Limited,SHAILY
Shakti Pumps (India) Limited,SHAKTIPUMP
Share India Securities Limited,SHAREINDIA
Shekhawati Industries Limited,SHEKHAWATI
Shivalik Rasayan Limited,SHIVALIK
SHREE CEMENT LIMITED,SHREECEM
Shriram Finance Limited,SHRIRAMFIN
Shriram Properties Limited,SHRIRAMPPS
Shyam Metalics and Energy Limited,SHYAMMETL
Sical Logistics Limited,SICALLOG
Sigachi Industries Limited,SIGACHI
Sigma Solve Limited,SIGMA
Signatureglobal (India) Limited,SIGNATURE
Signpost India Limited,SIGNPOST
Sinclairs Hotels Limited,SINCLAIR
Sindhu Trade Links Limited,SINDHUTRAD
SIS LIMITED,SIS
S.J.S. Enterprises Limited,SJS
Sky Gold Limited,SKYGOLD
SMC Global Securities Limited,SMCGLOBAL
Sarthak Metals Limited,SMLT
Sona BLW Precision Forgings Limited,SONACOMS
SONAM LIMITED,SONAMLTD
Southern Petrochemicals Industries Corporation  Limited,SPIC
Supreme Petrochem Limited,SPLPETRO
Sportking India Limited,SPORTKING
Shankar Lal Rampal Dye-Chem Limited,SRD
SRG Housing Finance Limited,SRGHFL
SRM Contractors Limited,SRM
Saraswati Saree Depot Limited,SSDL
Stallion India Fluorochemicals Limited,STALLION
Stanley Lifestyles Limited,STANLEY
Star Health and Allied Insurance Company Limited,STARHEALTH
Starteck Finance Limited,STARTECK
Steelcast Limited,STEELCAS
STEEL EXCHANGE INDIA LIMITED,STEELXIND
Sterlite Technologies Limited,STLTECH
Stove Kraft Limited,STOVEKRAFT
Stylam Industries Limited,STYLAMIND
Baazar Style Retail Limited,STYLEBAAZA
Styrenix Performance Materials Limited,STYRENIX
Sukhjit Starch & Chemicals Limited,SUKHJITS
Sula Vineyards Limited,SULA
Sundaram Clayton Limited,SUNCLAY
Sunteck Realty Limited,SUNTECK
Supreme Holdings & Hospitality (India) Limited,SUPREME
Supriya Lifescience Limited,SUPRIYA
Suraj Estate Developers Limited,SURAJEST
Suraj Limited,SURAJLTD
Suraksha Diagnostic Limited,SURAKSHA
Suryoday Small Finance Bank Limited,SURYODAY
Suumaya Industries Limited,SUULD
Suvidhaa Infoserve Limited,SUVIDHAA
Suyog Telematics Limited,SUYOG
SVP GLOBAL TEXTILES LIMITED,SVPGLOB
Swiggy Limited,SWIGGY
Sterling and Wilson Renewable Energy Limited,SWSOLAR
Syncom Formulations (India) Limited,SYNCOMF
Syrma SGS Technology Limited,SYRMA
Tanla Platforms Limited,TANLA
Tara Chand InfraLogistic Solutions Limited,TARACHAND
Tarapur Transformers Limited,TARAPUR
TARC Limited,TARC
Transformers And Rectifiers (India) Limited,TARIL
Tarsons Products Limited,TARSONS
TATA CONSUMER PRODUCTS LIMITED,TATACONSUM
Tata Technologies Limited,TATATECH
Tatva Chintan Pharma Chem Limited,TATVA
TBO Tek Limited,TBOTEK
TECIL Chemicals and Hydro Power Limited,TECILCHEM
Tega Industries Limited,TEGA
Tembo Global Industries Limited,TEMBO
Thomas Cook  (India)  Limited,THOMASCOOK
Twamev Construction and Infrastructure Limited,TICL
Tips Films Limited,TIPSFILMS
Tips Music Limited,TIPSMUSIC
TITAGARH RAIL SYSTEMS LIMITED,TITAGARH
Tamilnad Mercantile Bank Limited,TMB
Tamilnadu PetroProducts Limited,TNPETRO
Tamilnadu Telecommunication Limited,TNTELE
Tolins Tyres Limited,TOLINS
Teamo Productions HQ Limited,TPHQ
Tracxn Technologies Limited,TRACXN
Transrail Lighting Limited,TRANSRAILL
TRANSWORLD SHIPPING LINES LIMITED,TRANSWORLD
TREJHARA SOLUTIONS LIMITED,TREJHARA
Transindia Real Estate Limited,TREL
TruCap Finance Limited,TRU
TVS Holdings Limited,TVSHLTD
TVS Supply Chain Solutions Limited,TVSSCS
UCAL LIMITED,UCAL
Udaipur Cement Works Limited,UDAICEMENT
Updater Services Limited,UDS
Ugro Capital Limited,UGROCAP
Uma Exports Limited,UMAEXPORTS
United Drilling Tools Limited,UNIDT
Unicommerce Esolutions Limited,UNIECOM
Unimech Aerospace and Manufacturing Limited,UNIMECH
Uniparts India Limited,UNIPARTS
United Spirits Limited,UNITDSPR
UNO Minda Limited,UNOMINDA
Uravi Defence and Technology Limited,URAVIDEF
Udayshivakumar Infra Limited,USK
Utkarsh Small Finance Bank Limited,UTKARSHBNK
U. Y. Fincorp Limited,UYFINCORP
Valiant Laboratories Limited,VALIANTLAB
Valiant Organics Limited,VALIANTORG
Veedol Corporation Limited,VEEDOL
Ventive Hospitality Limited,VENTIVE
Venus Pipes & Tubes Limited,VENUSPIPES
Veranda Learning Solutions Limited,VERANDA
Vertoz Limited,VERTOZ
Viceroy Hotels Limited,VHLTD
Vijaya Diagnostic Centre Limited,VIJAYA
Vikas Lifecare Limited,VIKASLIFE
Vintage Coffee And Beverages Limited,VINCOFE
Vineet Laboratories Limited,VINEETLAB
Virinchi Limited,VIRINCHI
VL E-Governance & IT Solutions Limited,VLEGOV
Vishal Mega Mart Limited,VMM
Vishnu Prakash R Punglia Limited,VPRPL
Vraj Iron and Steel Limited,VRAJ
Vibhor Steel Tubes Limited,VSTL
V.S.T Tillers Tractors Limited,VSTTILLERS
Waaree Energies Limited,WAAREEENER
Western Carriers (India) Limited,WCIL
Wonder Electricals Limited,WEL
Welspun Living Limited,WELSPUNLIV
WESTLIFE FOODWORLD LIMITED,WESTLIFE
WE WIN LIMITED,WEWIN
Windlas Biotech Limited,WINDLAS
Winsome Yarns Limited,WINSOME
Xtglobal Infotech Limited,XTGLOBAL
Yaari Digital Integrated Services Limited,YAARI
Yasho Industries Limited,YASHO
Yatharth Hospital & Trauma Care Services Limited,YATHARTH
Yatra Online Limited,YATRA
Yuken India Limited,YUKEN
Zaggle Prepaid Ocean Services Limited,ZAGGLE
Zenith Steel Pipes & Industries Limited,ZENITHSTL
ZF Commercial Vehicle Control Systems India Limited,ZFCVINDIA
Zim Laboratories Limited,ZIMLAB
Zomato Limited,ZOMATO
Zota Health Care LImited,ZOTA
ZUARI INDUSTRIES LIMITED,ZUARIIND
Zydus Lifesciences Limited,ZYDUSLIFE
